,OG_ID,Triangle,Corner,TriangleCorner,date,SnowDepth,temperature,x_4326,y_4326,x_3006,y_3006
0,1,AC-42,A,AC-42A,2017-02-21,50,-5.0,15.76098076,65.90840731,534661.4522,7309911.059
1,2,AC-38,A,AC-38A,2017-02-26,50,-10.0,16.02861195,65.89659453,546872.4418,7308768.327
2,3,AC-37,A,AC-37A,2017-02-26,45,-8.0,15.84881121,65.9380027,538617.1852,7313260.876
3,4,AC-31,A,AC-31A,2017-02-26,20,-8.0,15.59576559,65.98449828,527055.8412,7318310.67
4,5,AC-39,A,AC-39A,2017-03-04,60,-15.0,15.93640688,65.88145457,542696.2178,7307015.189
5,6,AC-40,A,AC-40A,2017-03-04,82,-9.0,16.08976248,65.87227973,549705.8182,7306105.522
6,7,AC-41,A,AC-41A,2017-03-04,70,-9.0,16.26443367,65.83598422,557753.5181,7302210.037
7,8,AC-33,A,AC-33A,2017-03-04,35,-7.0,16.03670724,66.06518167,546930.7414,7327563.494
8,9,AC-32,A,AC-32A,2017-03-05,135,-14.0,15.88210448,66.05188319,539953.2836,7325974.195
9,10,AC-27,A,AC-27A,2017-03-05,90,-10.0,15.71649311,66.07877936,532418.2506,7328876.351
10,11,AC-30,A,AC-30A,2017-03-06,82,-10.0,16.32392487,66.07345377,559911.9498,7328730.193
11,12,AC-34,A,AC-34A,2017-03-06,145,-10.0,16.33018168,66.05549638,560237.5303,7326734.951
12,13,AC-35,A,AC-35A,2017-03-06,30,-10.0,16.55332624,65.98731394,570529.3876,7319369.401
13,14,AC-36,A,AC-36A,2017-03-17,65,-10.0,16.75175007,65.99519203,579512.604,7320484.624
14,15,AC-29,A,AC-29A,2017-03-17,95,-10.0,16.14107316,66.10983041,551564.2798,7332621.634
15,16,AC-26,A,AC-26A,2017-03-17,105,-15.0,16.04425364,66.16381694,547089.1167,7338562.269
16,17,AC-25,A,AC-25A,2017-03-31,55,-10.0,15.84925843,66.20434872,538235.3079,7342946.922
17,18,AC-24,A,AC-24A,2017-03-31,50,-8.0,15.69390556,66.19086231,531257.926,7341357.54
18,19,AC-22,A,AC-22A,2017-03-17,155,-7.0,15.66018048,66.26705978,529649.2181,7349834.175
19,20,AC-21,A,AC-21A,2017-03-17,60,-5.0,15.49256311,66.32241149,522072.9725,7355934.593
20,21,AC-23,A,AC-23A,2017-04-18,90,-10.0,15.37146429,66.23064849,516707.0051,7345668.731
21,22,AC-28,A,AC-28A,2017-04-14,20,,15.8491718,66.15323252,538308.6585,7337249.602
22,23,AC-33,A,AC-33A,2017-04-16,45,-8.0,16.03670724,66.06518167,546930.7414,7327563.494
23,24,AC-37,A,AC-37A,2017-04-16,70,-10.0,15.84881121,65.9380027,538617.1852,7313260.876
24,25,AC-43,A,AC-43A,2017-04-18,200,-5.0,15.25159463,66.12264974,511364.1247,7333603.857
25,27,AC-46,A,AC-46A,2018-03-31,110,-10.0,15.24173924,66.1936143,510888.4485,7341512.132
26,28,AC-43,A,AC-43A,2018-03-31,100,-10.0,15.25159463,66.12264974,511364.1247,7333603.857
27,29,AC-23,A,AC-23A,2018-03-30,75,-8.0,15.37146429,66.23064849,516707.0051,7345668.731
28,30,AC-21,A,AC-21A,2018-03-30,85,-5.0,15.49256311,66.32241149,522072.9725,7355934.593
29,31,AC-22,A,AC-22A,2018-03-30,80,-5.0,15.66018048,66.26705978,529649.2181,7349834.175
30,32,AC-42,A,AC-42A,2018-03-29,85,-10.0,15.76098076,65.90840731,534661.4522,7309911.059
31,33,AC-37,A,AC-37A,2018-03-15,70,-15.0,15.84881121,65.9380027,538617.1852,7313260.876
32,34,AC-37,A,AC-37A,2018-04-17,90,0.0,15.84881121,65.9380027,538617.1852,7313260.876
33,35,AC-39,A,AC-39A,2018-03-15,80,-15.0,15.93640688,65.88145457,542696.2178,7307015.189
34,36,AC-38,A,AC-38A,2018-03-15,85,-15.0,16.02861195,65.89659453,546872.4418,7308768.327
35,37,AC-40,A,AC-40A,2018-03-16,170,-15.0,16.08976248,65.87227973,549705.8182,7306105.522
36,38,AC-41,A,AC-41A,2018-03-16,120,-20.0,16.26443367,65.83598422,557753.5181,7302210.037
37,39,AC-31,A,AC-31A,2018-03-16,115,-10.0,15.59576559,65.98449828,527055.8412,7318310.67
38,40,AC-27,A,AC-27A,2018-03-28,240,-8.0,15.71649311,66.07877936,532418.2506,7328876.351
39,41,AC-28,A,AC-28A,2018-03-28,140,-8.0,15.8491718,66.15323252,538308.6585,7337249.602
40,42,AC-32,A,AC-32A,2018-03-28,155,-5.0,15.88210448,66.05188319,539953.2836,7325974.195
41,43,AC-33,A,AC-33A,2018-03-28,135,-10.0,16.03670724,66.06518167,546930.7414,7327563.494
42,44,AC-24,A,AC-24A,2018-03-30,90,-5.0,15.69390556,66.19086231,531257.926,7341357.54
43,45,AC-25,A,AC-25A,2018-04-02,100,-5.0,15.84925843,66.20434872,538235.3079,7342946.922
44,46,AC-26,A,AC-26A,2018-04-02,140,-5.0,16.04425364,66.16381694,547089.1167,7338562.269
45,47,AC-29,A,AC-29A,2018-04-02,145,-5.0,16.14107316,66.10983041,551564.2798,7332621.634
46,48,AC-30,A,AC-30A,2018-03-23,110,-10.0,16.32392487,66.07345377,559911.9498,7328730.193
47,49,AC-34,A,AC-34A,2018-03-23,130,-10.0,16.33018168,66.05549638,560237.5303,7326734.951
48,50,AC-35,A,AC-35A,2018-03-23,90,-10.0,16.55332624,65.98731394,570529.3876,7319369.401
49,51,AC-36,A,AC-36A,2018-03-23,125,-15.0,16.75175007,65.99519203,579512.604,7320484.624
50,52,AC-43,A,AC-43A,2019-04-03,250+,-10.0,15.25159463,66.12264974,511364.1247,7333603.857
51,53,AC-46,A,AC-46A,2019-04-05,65,-5.0,15.24173924,66.1936143,510888.4485,7341512.132
52,54,AC-32,A,AC-32A,2019-03-11,65,-15.0,15.88210448,66.05188319,539953.2836,7325974.195
53,55,AC-27,A,AC-27A,2019-03-11,200,-15.0,15.71649311,66.07877936,532418.2506,7328876.351
54,56,AC-42,A,AC-42A,2019-03-11,30,-10.0,15.76098076,65.90840731,534661.4522,7309911.059
55,60,AC-33,A,AC-33A,2019-03-05,65,-10.0,16.03670724,66.06518167,546930.7414,7327563.494
56,61,AC-31,A,AC-31A,2019-03-05,50,-15.0,15.59576559,65.98449828,527055.8412,7318310.67
57,62,AC-38,A,AC-38A,2019-03-05,35,-20.0,16.02861195,65.89659453,546872.4418,7308768.327
58,63,AC-37,A,AC-37A,2019-03-05,30,-17.0,15.84881121,65.9380027,538617.1852,7313260.876
59,64,AC-28,A,AC-28A,2019-03-07,90,-15.0,15.8491718,66.15323252,538308.6585,7337249.602
60,65,AC-35,A,AC-35A,2019-03-15,90,-10.0,16.55332624,65.98731394,570529.3876,7319369.401
61,66,AC-36,A,AC-36A,2019-03-15,130,-10.0,16.75175007,65.99519203,579512.604,7320484.624
62,67,AC-26,A,AC-26A,2019-03-26,110,-10.0,16.04425364,66.16381694,547089.1167,7338562.269
63,68,AC-25,A,AC-25A,2019-03-26,90,-10.0,15.84925843,66.20434872,538235.3079,7342946.922
64,69,AC-24,A,AC-24A,2019-03-26,80,-8.0,15.69390556,66.19086231,531257.926,7341357.54
65,70,AC-29,A,AC-29A,2019-03-26,100,-10.0,16.14107316,66.10983041,551564.2798,7332621.634
66,71,AC-34,A,AC-34A,2019-03-16,165,-4.0,16.33018168,66.05549638,560237.5303,7326734.951
67,72,AC-30,A,AC-30A,2019-03-17,60,-20.0,16.32392487,66.07345377,559911.9498,7328730.193
68,73,AC-22,A,AC-22A,2019-04-08,70,,15.66018048,66.26705978,529649.2181,7349834.175
69,74,AC-21,A,AC-21A,2019-04-08,85,-8.0,15.49256311,66.32241149,522072.9725,7355934.593
70,77,AC-23,A,AC-23A,2019-04-08,110,-10.0,15.37146429,66.23064849,516707.0051,7345668.731
71,78,AC-33,A,AC-33A,2020-02-26,170,-15.0,16.03670724,66.06518167,546930.7414,7327563.494
72,79,AC-42,A,AC-42A,2020-02-27,75,-15.0,15.76098076,65.90840731,534661.4522,7309911.059
73,80,AC-40,A,AC-40A,2020-03-19,170,-5.0,16.08976248,65.87227973,549705.8182,7306105.522
74,81,AC-41,A,AC-41A,2020-03-19,125,-5.0,16.26443367,65.83598422,557753.5181,7302210.037
75,82,AC-37,A,AC-37A,2020-04-05,160,-15.0,15.84881121,65.9380027,538617.1852,7313260.876
76,83,AC-38,A,AC-38A,2020-04-05,160,-10.0,16.02861195,65.89659453,546872.4418,7308768.327
77,84,AC-39,A,AC-39A,2020-04-06,135,-10.0,15.93640688,65.88145457,542696.2178,7307015.189
78,85,AC-36,A,AC-36A,2020-04-21,125,-2.0,16.75175007,65.99519203,579512.604,7320484.624
79,86,AC-35,A,AC-35A,2020-04-22,100,-6.0,16.55332624,65.98731394,570529.3876,7319369.401
80,87,AC-28,A,AC-28A,2020-04-27,190,-1.0,15.8491718,66.15323252,538308.6585,7337249.602
81,88,AC-23,A,AC-23A,2020-04-28,80,-3.0,15.37146429,66.23064849,516707.0051,7345668.731
82,89,AC-22,A,AC-22A,2020-04-28,190,-1.0,15.66018048,66.26705978,529649.2181,7349834.175
83,90,AC-21,A,AC-21A,2020-04-28,200,-3.0,15.49256311,66.32241149,522072.9725,7355934.593
84,91,AC-31,A,AC-31A,2020-04-28,150,-10.0,15.59576559,65.98449828,527055.8412,7318310.67
85,92,AC-32,A,AC-32A,2020-04-28,240+,-1.0,15.88210448,66.05188319,539953.2836,7325974.195
86,93,AC-34,A,AC-34A,2020-04-29,210,-5.0,16.33018168,66.05549638,560237.5303,7326734.951
87,94,AC-30,A,AC-30A,2020-04-29,130,-5.0,16.32392487,66.07345377,559911.9498,7328730.193
88,95,AC-29,A,AC-29A,2020-04-29,95,-5.0,16.14107316,66.10983041,551564.2798,7332621.634
89,96,AC-25,A,AC-25A,2020-04-29,180,-3.0,15.84925843,66.20434872,538235.3079,7342946.922
90,97,AC-24,A,AC-24A,2020-04-29,140,-2.0,15.69390556,66.19086231,531257.926,7341357.54
91,98,AC-27,A,AC-27A,2020-05-01,240+,-5.0,15.71649311,66.07877936,532418.2506,7328876.351
92,99,AC-43,A,AC-43A,2020-05-09,240+,-2.0,15.25159463,66.12264974,511364.1247,7333603.857
93,100,AC-46,A,AC-46A,2020-05-09,190,-3.0,15.24173924,66.1936143,510888.4485,7341512.132
94,101,AC-26,A,AC-26A,2020-04-29,150,-3.0,16.04425364,66.16381694,547089.1167,7338562.269
95,102,AC-22,A,AC-22A,2021-04-12,140,-5.0,15.66018048,66.26705978,529649.2181,7349834.175
96,103,AC-21,A,AC-21A,2021-04-12,60,-5.0,15.49256311,66.32241149,522072.9725,7355934.593
97,104,AC-23,A,AC-23A,2021-04-12,100,-5.0,15.37146429,66.23064849,516707.0051,7345668.731
98,105,AC-43,A,AC-43A,2021-04-17,170,-8.0,15.25159463,66.12264974,511364.1247,7333603.857
99,106,AC-46,A,AC-46A,2021-04-17,45,-6.0,15.24173924,66.1936143,510888.4485,7341512.132
100,107,AC-32,A,AC-32A,2021-05-03,145,-8.0,15.88210448,66.05188319,539953.2836,7325974.195
101,108,AC-27,A,AC-27A,2021-05-03,160,-8.0,15.71649311,66.07877936,532418.2506,7328876.351
102,110,AC-33,A,AC-33A,2021-03-10,50,-20.0,16.03670724,66.06518167,546930.7414,7327563.494
103,111,AC-41,A,AC-41A,2021-03-15,90,-10.0,16.26443367,65.83598422,557753.5181,7302210.037
104,112,AC-42,A,AC-42A,2021-03-16,50,-10.0,15.76098076,65.90840731,534661.4522,7309911.059
105,113,AC-31,A,AC-31A,2021-03-16,140,-5.0,15.59576559,65.98449828,527055.8412,7318310.67
106,114,AC-38,A,AC-38A,2021-03-18,60,-10.0,16.02861195,65.89659453,546872.4418,7308768.327
107,115,AC-40,A,AC-40A,2021-03-18,145,-10.0,16.08976248,65.87227973,549705.8182,7306105.522
108,116,AC-39,A,AC-39A,2021-03-18,60,-10.0,15.93640688,65.88145457,542696.2178,7307015.189
109,117,AC-37,A,AC-37A,2021-03-18,70,-10.0,15.84881121,65.9380027,538617.1852,7313260.876
110,118,AC-35,A,AC-35A,2021-03-26,75,-8.0,16.55332624,65.98731394,570529.3876,7319369.401
111,119,AC-36,A,AC-36A,2021-03-26,110,-8.0,16.75175007,65.99519203,579512.604,7320484.624
112,120,AC-34,A,AC-34A,2021-03-26,120,-6.0,16.33018168,66.05549638,560237.5303,7326734.951
113,121,AC-30,A,AC-30A,2021-03-26,100,-6.0,16.32392487,66.07345377,559911.9498,7328730.193
114,122,AC-29,A,AC-29A,2021-03-28,90,-5.0,16.14107316,66.10983041,551564.2798,7332621.634
115,123,AC-28,A,AC-28A,2021-03-28,110,-5.0,15.8491718,66.15323252,538308.6585,7337249.602
116,124,AC-26,A,AC-26A,2021-04-12,120,-11.0,16.04425364,66.16381694,547089.1167,7338562.269
117,125,AC-25,A,AC-25A,2021-04-12,115,,15.84925843,66.20434872,538235.3079,7342946.922
118,126,AC-24,A,AC-24A,2021-04-12,90,-10.0,15.69390556,66.19086231,531257.926,7341357.54
119,127,AC-33,A,AC-33A,2022-01-31,90,-19.6,16.03670724,66.06518167,546930.7414,7327563.494
120,128,AC-40,A,AC-40A,2022-02-19,130,-15.0,16.08976248,65.87227973,549705.8182,7306105.522
121,129,AC-41,A,AC-41A,2022-02-19,100,-15.0,16.26443367,65.83598422,557753.5181,7302210.037
122,130,AC-31,A,AC-31A,2022-03-04,180,-11.5,15.59576559,65.98449828,527055.8412,7318310.67
123,131,AC-39,A,AC-39A,2022-03-09,70,-7.0,15.93640688,65.88145457,542696.2178,7307015.189
124,132,AC-28,A,AC-28A,2022-03-12,80,-3.0,15.8491718,66.15323252,538308.6585,7337249.602
125,133,AC-32,A,AC-32A,2022-03-12,130,0.0,15.88210448,66.05188319,539953.2836,7325974.195
126,134,AC-30,A,AC-30A,2022-03-13,90,-5.0,16.32392487,66.07345377,559911.9498,7328730.193
127,135,AC-34,A,AC-34A,2022-03-13,150,,16.33018168,66.05549638,560237.5303,7326734.951
128,136,AC-35,A,AC-35A,2022-03-13,80,-8.4,16.55332624,65.98731394,570529.3876,7319369.401
129,137,AC-36,A,AC-36A,2022-03-13,110,-5.0,16.75175007,65.99519203,579512.604,7320484.624
130,138,AC-21,A,AC-21A,2022-03-14,155,-1.0,15.49256311,66.32241149,522072.9725,7355934.593
131,139,AC-24,A,AC-24A,2022-03-14,130,-2.0,15.69390556,66.19086231,531257.926,7341357.54
132,140,AC-25,A,AC-25A,2022-03-14,100,-2.0,15.84925843,66.20434872,538235.3079,7342946.922
133,141,AC-26,A,AC-26A,2022-03-14,135,-6.0,16.04425364,66.16381694,547089.1167,7338562.269
134,142,AC-29,A,AC-29A,2022-03-14,180,-8.4,16.14107316,66.10983041,551564.2798,7332621.634
135,143,AC-23,A,AC-23A,2022-03-15,120,-1.0,15.37146429,66.23064849,516707.0051,7345668.731
136,144,AC-38,A,AC-38A,2022-03-15,75,-17.0,16.02861195,65.89659453,546872.4418,7308768.327
137,145,AC-43,A,AC-43A,2022-03-15,220,-4.0,15.25159463,66.12264974,511364.1247,7333603.857
138,146,AC-46,A,AC-46A,2022-03-15,155,-3.0,15.24173924,66.1936143,510888.4485,7341512.132
139,147,AC-22,A,AC-22A,2022-03-16,195,-2.0,15.66018048,66.26705978,529649.2181,7349834.175
140,148,AC-42,A,AC-42A,2022-03-16,60,,15.76098076,65.90840731,534661.4522,7309911.059
141,149,AC-37,A,AC-37A,2022-04-15,130,-5.0,15.84881121,65.9380027,538617.1852,7313260.876
142,150,AC-42,B,AC-42B,2017-02-21,85,-5.0,15.76104404,65.87253495,534712.811,7305912.951
143,151,AC-38,B,AC-38B,2017-02-26,75,-10.0,16.06601119,65.92904529,548515.1091,7312413.359
144,152,AC-37,B,AC-37B,2017-02-26,70,-8.0,15.93669383,65.93795328,542615.3144,7313312.254
145,153,AC-31,B,AC-31B,2017-02-26,60,-8.0,15.63274264,66.01705338,528698.4479,7321955.65
146,154,AC-39,B,AC-39B,2017-03-04,70,-15.0,16.0215596,65.89003991,546562.9883,7308032.57
147,155,AC-40,B,AC-40B,2017-03-04,75,-9.0,16.17741866,65.87209272,553703.9877,7306156.875
148,156,AC-41,B,AC-41B,2017-03-04,13,-9.0,16.35196411,65.83569752,561751.7168,7302261.377
149,157,AC-33,B,AC-33B,2017-03-04,30,-7.0,16.12502754,66.06502455,550928.8997,7327614.924
150,158,AC-32,B,AC-32B,2017-03-05,125,-14.0,15.96743701,66.06109946,543802.1738,7327058.39
151,159,AC-27,B,AC-27B,2017-03-05,70,-10.0,15.77325645,66.10627946,534948.6291,7331971.961
152,160,AC-30,B,AC-30B,2017-03-06,130,-10.0,16.3475215,66.10802569,560896.7912,7332605.764
153,161,AC-34,B,AC-34B,2017-03-06,125,-10.0,16.41726798,66.06140904,564165.8276,7327480.284
154,162,AC-35,B,AC-35B,2017-03-06,95,-10.0,16.55437651,66.02318273,570477.9784,7323367.637
155,163,AC-36,B,AC-36B,2017-03-17,70,-10.0,16.76838233,66.0304171,580156.6735,7324430.853
156,164,AC-29,B,AC-29B,2017-03-17,115,-10.0,16.13381444,66.1455831,551164.1776,7336600.318
157,165,AC-26,B,AC-26B,2017-03-17,35,-15.0,16.06001278,66.19911613,547733.1046,7342508.393
158,166,AC-25,B,AC-25B,2017-03-31,145,-10.0,15.92210788,66.22488338,541481.2433,7345282.029
159,167,AC-24,B,AC-24B,2017-03-31,60,-8.0,15.75089585,66.21837029,533788.2675,7344453.175
160,168,AC-22,B,AC-22B,2017-03-17,140,-7.0,15.6976547,66.29959822,531291.7265,7353479.21
161,169,AC-21,B,AC-21B,2017-03-17,185,-5.0,15.58142379,66.32569497,526051.5524,7356334.762
162,170,AC-23,B,AC-23B,2017-04-18,70,-10.0,15.45909231,66.2246367,520653.0315,7345024.777
163,171,AC-28,B,AC-28B,2017-04-14,50,,15.93648025,66.15941633,542236.8719,7337994.957
164,172,AC-33,B,AC-33B,2017-04-16,15,-8.0,16.12502754,66.06502455,550928.8997,7327614.924
165,173,AC-37,B,AC-37B,2017-04-16,70,-10.0,15.93669383,65.93795328,542615.3144,7313312.254
166,174,AC-43,B,AC-43B,2017-04-18,80,-5.0,15.29647724,66.09173882,513407.6892,7330167.287
167,175,AC-46,B,AC-46B,2017-04-18,45,-5.0,15.26675247,66.15918547,512031.4368,7337679.111
168,176,AC-46,B,AC-46B,2018-03-31,110,-10.0,15.26675247,66.15918547,512031.4368,7337679.111
169,177,AC-43,B,AC-43B,2018-03-31,40,-10.0,15.29647724,66.09173882,513407.6892,7330167.287
170,178,AC-23,B,AC-23B,2018-03-30,120,-8.0,15.45909231,66.2246367,520653.0315,7345024.777
171,179,AC-21,B,AC-21B,2018-03-30,80,-5.0,15.58142379,66.32569497,526051.5524,7356334.762
172,180,AC-22,B,AC-22B,2018-03-30,60,-5.0,15.6976547,66.29959822,531291.7265,7353479.21
173,181,AC-42,B,AC-42B,2018-03-29,110,-10.0,15.76104404,65.87253495,534712.811,7305912.951
174,182,AC-37,B,AC-37B,2018-03-15,45,-15.0,15.93669383,65.93795328,542615.3144,7313312.254
175,183,AC-37,B,AC-37B,2018-04-17,50,0.0,15.93669383,65.93795328,542615.3144,7313312.254
176,184,AC-39,B,AC-39B,2018-03-15,120,-15.0,16.0215596,65.89003991,546562.9883,7308032.57
177,185,AC-38,B,AC-38B,2018-03-15,120,-15.0,16.06601119,65.92904529,548515.1091,7312413.359
178,186,AC-40,B,AC-40B,2018-03-16,115,-15.0,16.17741866,65.87209272,553703.9877,7306156.875
179,187,AC-41,B,AC-41B,2018-03-16,200,-20.0,16.35196411,65.83569752,561751.7168,7302261.377
180,188,AC-31,B,AC-31B,2018-03-16,125,-10.0,15.63274264,66.01705338,528698.4479,7321955.65
181,189,AC-27,B,AC-27B,2018-03-28,60,-8.0,15.77325645,66.10627946,534948.6291,7331971.961
182,190,AC-28,B,AC-28B,2018-03-28,55,-8.0,15.93648025,66.15941633,542236.8719,7337994.957
183,191,AC-32,B,AC-32B,2018-03-28,250,-5.0,15.96743701,66.06109946,543802.1738,7327058.39
184,192,AC-33,B,AC-33B,2018-03-28,130,-10.0,16.12502754,66.06502455,550928.8997,7327614.924
185,193,AC-24,B,AC-24B,2018-03-30,90,-5.0,15.75089585,66.21837029,533788.2675,7344453.175
186,194,AC-25,B,AC-25B,2018-04-02,110,-5.0,15.92210788,66.22488338,541481.2433,7345282.029
187,195,AC-26,B,AC-26B,2018-04-02,75,-5.0,16.06001278,66.19911613,547733.1046,7342508.393
188,196,AC-29,B,AC-29B,2018-04-02,90,-5.0,16.13381444,66.1455831,551164.1776,7336600.318
189,197,AC-30,B,AC-30B,2018-03-23,165,-10.0,16.3475215,66.10802569,560896.7912,7332605.764
190,198,AC-34,B,AC-34B,2018-03-23,115,-10.0,16.41726798,66.06140904,564165.8276,7327480.284
191,199,AC-35,B,AC-35B,2018-03-23,120,-10.0,16.55437651,66.02318273,570477.9784,7323367.637
192,200,AC-36,B,AC-36B,2018-03-23,110,-15.0,16.76838233,66.0304171,580156.6735,7324430.853
193,201,AC-43,B,AC-43B,2019-04-03,30,-10.0,15.29647724,66.09173882,513407.6892,7330167.287
194,202,AC-46,B,AC-46B,2019-04-05,125,-5.0,15.26675247,66.15918547,512031.4368,7337679.111
195,203,AC-32,B,AC-32B,2019-03-11,58,-15.0,15.96743701,66.06109946,543802.1738,7327058.39
196,204,AC-27,B,AC-27B,2019-03-11,30,-15.0,15.77325645,66.10627946,534948.6291,7331971.961
197,205,AC-42,B,AC-42B,2019-03-11,90,-10.0,15.76104404,65.87253495,534712.811,7305912.951
198,209,AC-33,B,AC-33B,2019-03-05,10,-10.0,16.12502754,66.06502455,550928.8997,7327614.924
199,210,AC-31,B,AC-31B,2019-03-05,50,-15.0,15.63274264,66.01705338,528698.4479,7321955.65
200,211,AC-38,B,AC-38B,2019-03-05,80,-20.0,16.06601119,65.92904529,548515.1091,7312413.359
201,212,AC-37,B,AC-37B,2019-03-05,40,-17.0,15.93669383,65.93795328,542615.3144,7313312.254
202,213,AC-28,B,AC-28B,2019-03-07,30,-15.0,15.93648025,66.15941633,542236.8719,7337994.957
203,214,AC-35,B,AC-35B,2019-03-15,135,-10.0,16.55437651,66.02318273,570477.9784,7323367.637
204,215,AC-36,B,AC-36B,2019-03-15,65,-10.0,16.76838233,66.0304171,580156.6735,7324430.853
205,216,AC-26,B,AC-26B,2019-03-26,75,-10.0,16.06001278,66.19911613,547733.1046,7342508.393
206,217,AC-25,B,AC-25B,2019-03-26,45,-10.0,15.92210788,66.22488338,541481.2433,7345282.029
207,218,AC-24,B,AC-24B,2019-03-26,30,-8.0,15.75089585,66.21837029,533788.2675,7344453.175
208,219,AC-29,B,AC-29B,2019-03-26,75,-10.0,16.13381444,66.1455831,551164.1776,7336600.318
209,220,AC-34,B,AC-34B,2019-03-16,150,-4.0,16.41726798,66.06140904,564165.8276,7327480.284
210,221,AC-30,B,AC-30B,2019-03-17,145,-20.0,16.3475215,66.10802569,560896.7912,7332605.764
211,222,AC-22,B,AC-22B,2019-04-08,160,,15.6976547,66.29959822,531291.7265,7353479.21
212,223,AC-21,B,AC-21B,2019-04-08,170,-8.0,15.58142379,66.32569497,526051.5524,7356334.762
213,226,AC-23,B,AC-23B,2019-04-08,185,-10.0,15.45909231,66.2246367,520653.0315,7345024.777
214,227,AC-33,B,AC-33B,2020-02-26,90,-15.0,16.12502754,66.06502455,550928.8997,7327614.924
215,228,AC-42,B,AC-42B,2020-02-27,130,-15.0,15.76104404,65.87253495,534712.811,7305912.951
216,229,AC-40,B,AC-40B,2020-03-19,125,-5.0,16.17741866,65.87209272,553703.9877,7306156.875
217,230,AC-41,B,AC-41B,2020-03-19,210,-5.0,16.35196411,65.83569752,561751.7168,7302261.377
218,231,AC-37,B,AC-37B,2020-04-05,120,-15.0,15.93669383,65.93795328,542615.3144,7313312.254
219,232,AC-38,B,AC-38B,2020-04-05,130,-10.0,16.06601119,65.92904529,548515.1091,7312413.359
220,233,AC-39,B,AC-39B,2020-04-06,170,-10.0,16.0215596,65.89003991,546562.9883,7308032.57
221,234,AC-36,B,AC-36B,2020-04-21,90,-2.0,16.76838233,66.0304171,580156.6735,7324430.853
222,235,AC-35,B,AC-35B,2020-04-22,160,-6.0,16.55437651,66.02318273,570477.9784,7323367.637
223,236,AC-28,B,AC-28B,2020-04-27,60,-1.0,15.93648025,66.15941633,542236.8719,7337994.957
224,237,AC-23,B,AC-23B,2020-04-28,125,-3.0,15.45909231,66.2246367,520653.0315,7345024.777
225,238,AC-22,B,AC-22B,2020-04-28,240+,-1.0,15.6976547,66.29959822,531291.7265,7353479.21
226,239,AC-21,B,AC-21B,2020-04-28,195,-3.0,15.58142379,66.32569497,526051.5524,7356334.762
227,240,AC-31,B,AC-31B,2020-04-28,135,-10.0,15.63274264,66.01705338,528698.4479,7321955.65
228,241,AC-32,B,AC-32B,2020-04-28,240+,-1.0,15.96743701,66.06109946,543802.1738,7327058.39
229,242,AC-34,B,AC-34B,2020-04-29,195,-5.0,16.41726798,66.06140904,564165.8276,7327480.284
230,243,AC-30,B,AC-30B,2020-04-29,90,-5.0,16.3475215,66.10802569,560896.7912,7332605.764
231,244,AC-29,B,AC-29B,2020-04-29,160,-5.0,16.13381444,66.1455831,551164.1776,7336600.318
232,245,AC-25,B,AC-25B,2020-04-29,50,-3.0,15.92210788,66.22488338,541481.2433,7345282.029
233,246,AC-24,B,AC-24B,2020-04-29,90,-2.0,15.75089585,66.21837029,533788.2675,7344453.175
234,247,AC-27,B,AC-27B,2020-05-01,240+,-5.0,15.77325645,66.10627946,534948.6291,7331971.961
235,248,AC-43,B,AC-43B,2020-05-09,85,-2.0,15.29647724,66.09173882,513407.6892,7330167.287
236,249,AC-46,B,AC-46B,2020-05-09,170,-3.0,15.26675247,66.15918547,512031.4368,7337679.111
237,250,AC-26,B,AC-26B,2020-04-29,85,-3.0,16.06001278,66.19911613,547733.1046,7342508.393
238,251,AC-22,B,AC-22B,2021-04-12,185,-5.0,15.6976547,66.29959822,531291.7265,7353479.21
239,252,AC-21,B,AC-21B,2021-04-12,100,-5.0,15.58142379,66.32569497,526051.5524,7356334.762
240,253,AC-23,B,AC-23B,2021-04-12,145,-5.0,15.45909231,66.2246367,520653.0315,7345024.777
241,254,AC-43,B,AC-43B,2021-04-17,95,-8.0,15.29647724,66.09173882,513407.6892,7330167.287
242,255,AC-46,B,AC-46B,2021-04-17,90,-6.0,15.26675247,66.15918547,512031.4368,7337679.111
243,256,AC-32,B,AC-32B,2021-05-03,130,-8.0,15.96743701,66.06109946,543802.1738,7327058.39
244,257,AC-27,B,AC-27B,2021-05-03,75,-8.0,15.77325645,66.10627946,534948.6291,7331971.961
245,258,AC-32,B,AC-32B,2021-03-10,240+,-15.0,15.96743701,66.06109946,543802.1738,7327058.39
246,259,AC-33,B,AC-33B,2021-03-10,90,-20.0,16.12502754,66.06502455,550928.8997,7327614.924
247,260,AC-41,B,AC-41B,2021-03-15,140,-10.0,16.35196411,65.83569752,561751.7168,7302261.377
248,261,AC-42,B,AC-42B,2021-03-16,85,-10.0,15.76104404,65.87253495,534712.811,7305912.951
249,262,AC-31,B,AC-31B,2021-03-16,80,-5.0,15.63274264,66.01705338,528698.4479,7321955.65
250,263,AC-38,B,AC-38B,2021-03-18,100,-10.0,16.06601119,65.92904529,548515.1091,7312413.359
251,264,AC-40,B,AC-40B,2021-03-18,85,-10.0,16.17741866,65.87209272,553703.9877,7306156.875
252,265,AC-39,B,AC-39B,2021-03-18,100,-10.0,16.0215596,65.89003991,546562.9883,7308032.57
253,266,AC-37,B,AC-37B,2021-03-18,30,-10.0,15.93669383,65.93795328,542615.3144,7313312.254
254,267,AC-35,B,AC-35B,2021-03-26,100,-8.0,16.55437651,66.02318273,570477.9784,7323367.637
255,268,AC-36,B,AC-36B,2021-03-26,80,-8.0,16.76838233,66.0304171,580156.6735,7324430.853
256,269,AC-34,B,AC-34B,2021-03-26,210,-6.0,16.41726798,66.06140904,564165.8276,7327480.284
257,270,AC-30,B,AC-30B,2021-03-26,180,-6.0,16.3475215,66.10802569,560896.7912,7332605.764
258,271,AC-29,B,AC-29B,2021-03-28,85,-5.0,16.13381444,66.1455831,551164.1776,7336600.318
259,272,AC-28,B,AC-28B,2021-03-28,40,-5.0,15.93648025,66.15941633,542236.8719,7337994.957
260,273,AC-26,B,AC-26B,2021-04-12,90,-11.0,16.06001278,66.19911613,547733.1046,7342508.393
261,274,AC-25,B,AC-25B,2021-04-12,145,,15.92210788,66.22488338,541481.2433,7345282.029
262,275,AC-24,B,AC-24B,2021-04-12,85,-10.0,15.75089585,66.21837029,533788.2675,7344453.175
263,276,AC-33,B,AC-33B,2022-01-31,30,-19.6,16.12502754,66.06502455,550928.8997,7327614.924
264,277,AC-40,B,AC-40B,2022-02-19,115,-15.0,16.17741866,65.87209272,553703.9877,7306156.875
265,278,AC-41,B,AC-41B,2022-02-19,210,-15.0,16.35196411,65.83569752,561751.7168,7302261.377
266,279,AC-31,B,AC-31B,2022-03-04,110,-11.5,15.63274264,66.01705338,528698.4479,7321955.65
267,280,AC-39,B,AC-39B,2022-03-09,135,-7.0,16.0215596,65.89003991,546562.9883,7308032.57
268,281,AC-28,B,AC-28B,2022-03-12,50,-3.0,15.93648025,66.15941633,542236.8719,7337994.957
269,282,AC-32,B,AC-32B,2022-03-12,130,0.0,15.96743701,66.06109946,543802.1738,7327058.39
270,283,AC-30,B,AC-30B,2022-03-13,230,-5.0,16.3475215,66.10802569,560896.7912,7332605.764
271,284,AC-34,B,AC-34B,2022-03-13,85,,16.41726798,66.06140904,564165.8276,7327480.284
272,285,AC-35,B,AC-35B,2022-03-13,120,-8.4,16.55437651,66.02318273,570477.9784,7323367.637
273,286,AC-36,B,AC-36B,2022-03-13,60,-5.0,16.76838233,66.0304171,580156.6735,7324430.853
274,287,AC-21,B,AC-21B,2022-03-14,145,-1.0,15.58142379,66.32569497,526051.5524,7356334.762
275,288,AC-24,B,AC-24B,2022-03-14,85,-2.0,15.75089585,66.21837029,533788.2675,7344453.175
276,289,AC-25,B,AC-25B,2022-03-14,145,-2.0,15.92210788,66.22488338,541481.2433,7345282.029
277,290,AC-26,B,AC-26B,2022-03-14,70,-6.0,16.06001278,66.19911613,547733.1046,7342508.393
278,291,AC-29,B,AC-29B,2022-03-14,130,-8.4,16.13381444,66.1455831,551164.1776,7336600.318
279,292,AC-23,B,AC-23B,2022-03-15,170,-1.0,15.45909231,66.2246367,520653.0315,7345024.777
280,293,AC-38,B,AC-38B,2022-03-15,95,-17.0,16.06601119,65.92904529,548515.1091,7312413.359
281,294,AC-43,B,AC-43B,2022-03-15,35,-4.0,15.29647724,66.09173882,513407.6892,7330167.287
282,295,AC-46,B,AC-46B,2022-03-15,125,-3.0,15.26675247,66.15918547,512031.4368,7337679.111
283,296,AC-22,B,AC-22B,2022-03-16,190,-2.0,15.6976547,66.29959822,531291.7265,7353479.21
284,297,AC-42,B,AC-42B,2022-03-16,100,,15.76104404,65.87253495,534712.811,7305912.951
285,298,AC-37,B,AC-37B,2022-04-15,50,-5.0,15.93669383,65.93795328,542615.3144,7313312.254
286,299,AC-42,C,AC-42C,2017-02-21,110,-5.0,15.68504701,65.89042994,531224.7772,7307867.528
287,300,AC-38,C,AC-38C,2017-02-26,75,-10.0,16.11606048,65.89957289,550851.1264,7309168.337
288,301,AC-37,C,AC-37C,2017-02-26,20,-8.0,15.89264784,65.90691896,540660.7363,7309824.185
289,302,AC-31,C,AC-31C,2017-02-26,65,-8.0,15.68346284,65.98772306,531034.4515,7318710.707
290,303,AC-39,C,AC-39C,2017-03-04,30,-15.0,15.99713695,65.85558969,545510.8611,7304175.201
291,304,AC-40,C,AC-40C,2017-03-04,155,-9.0,16.13319552,65.84112738,551749.3676,7302668.783
292,305,AC-41,C,AC-41C,2017-03-04,125,-9.0,16.30759412,65.80478255,559797.0704,7298773.267
293,306,AC-33,C,AC-33C,2017-03-04,40,-7.0,16.08053297,66.03404496,548974.3517,7324126.804
294,307,AC-32,C,AC-32C,2017-03-05,185,-14.0,15.94437763,66.0264787,542816.3157,7323183.87
295,308,AC-27,C,AC-27C,2017-03-05,140,-10.0,15.80351497,66.07257278,536364.3222,7328232.328
296,309,AC-30,C,AC-30C,2017-03-06,35,-10.0,16.40948664,66.08242527,563760.9059,7329814.416
297,310,AC-34,C,AC-34C,2017-03-06,45,-10.0,16.38630033,66.02781699,562846.7651,7323705.379
298,311,AC-35,C,AC-35C,2017-03-06,75,-10.0,16.63015012,66.00485918,573966.1625,7321413.04
299,312,AC-36,C,AC-36C,2017-03-17,130,-10.0,16.83500371,66.00692786,583252.4008,7321900.346
300,313,AC-29,C,AC-29C,2017-03-17,185,-10.0,16.21388604,66.13022809,554810.2752,7334956.739
301,314,AC-26,C,AC-26C,2017-03-17,100,-15.0,16.12773116,66.17593417,550828.7822,7339978.009
302,315,AC-25,C,AC-25C,2017-03-31,95,-10.0,15.92966596,66.18915009,541880.3604,7341304.369
303,316,AC-24,C,AC-24C,2017-03-31,60,-8.0,15.78131809,66.18466847,535204.0008,7340713.562
304,317,AC-22,C,AC-22C,2017-03-17,215,-7.0,15.74886754,66.27024759,533627.8269,7350234.324
305,318,AC-21,C,AC-21C,2017-03-17,95,-5.0,15.54403889,66.2931197,524408.0744,7352688.726
306,319,AC-23,C,AC-23C,2017-04-18,45,-10.0,15.40240613,66.19702191,518122.7213,7341929.176
307,320,AC-28,C,AC-28C,2017-04-14,50,,15.90602943,66.12572896,540917.8704,7334220.113
308,321,AC-33,C,AC-33C,2017-04-16,40,-8.0,16.08053297,66.03404496,548974.3517,7324126.804
309,322,AC-37,C,AC-37C,2017-04-16,35,-10.0,15.89264784,65.90691896,540660.7363,7309824.185
310,323,AC-43,C,AC-43C,2017-04-18,95,-5.0,15.2080681,66.09142172,509409.665,7330115.849
311,324,AC-46,C,AC-46C,2017-04-18,30,-5.0,15.18055162,66.16762289,508140.7873,7338605.705
312,325,AC-46,C,AC-46C,2018-03-31,90,-10.0,15.18055162,66.16762289,508140.7873,7338605.705
313,326,AC-43,C,AC-43C,2018-03-31,80,-10.0,15.2080681,66.09142172,509409.665,7330115.849
314,327,AC-23,C,AC-23C,2018-03-30,65,-8.0,15.40240613,66.19702191,518122.7213,7341929.176
315,328,AC-21,C,AC-21C,2018-03-30,25,-5.0,15.54403889,66.2931197,524408.0744,7352688.726
316,329,AC-22,C,AC-22C,2018-03-30,65,-5.0,15.74886754,66.27024759,533627.8269,7350234.324
317,330,AC-42,C,AC-42C,2018-03-29,110,-10.0,15.68504701,65.89042994,531224.7772,7307867.528
318,331,AC-37,C,AC-37C,2018-03-15,10,-15.0,15.89264784,65.90691896,540660.7363,7309824.185
319,332,AC-37,C,AC-37C,2018-04-17,0,0.0,15.89264784,65.90691896,540660.7363,7309824.185
320,333,AC-39,C,AC-39C,2018-03-15,85,-15.0,15.99713695,65.85558969,545510.8611,7304175.201
321,334,AC-38,C,AC-38C,2018-03-15,130,-15.0,16.11606048,65.89957289,550851.1264,7309168.337
322,335,AC-40,C,AC-40C,2018-03-16,200,-15.0,16.13319552,65.84112738,551749.3676,7302668.783
323,336,AC-41,C,AC-41C,2018-03-16,165,-20.0,16.30759412,65.80478255,559797.0704,7298773.267
324,337,AC-31,C,AC-31C,2018-03-16,145,-10.0,15.68346284,65.98772306,531034.4515,7318710.707
325,338,AC-27,C,AC-27C,2018-03-28,220,-8.0,15.80351497,66.07257278,536364.3222,7328232.328
326,339,AC-28,C,AC-28C,2018-03-28,30,-8.0,15.90602943,66.12572896,540917.8704,7334220.113
327,340,AC-32,C,AC-32C,2018-03-28,190,-5.0,15.94437763,66.0264787,542816.3157,7323183.87
328,341,AC-33,C,AC-33C,2018-03-28,70,-10.0,16.08053297,66.03404496,548974.3517,7324126.804
329,342,AC-24,C,AC-24C,2018-03-30,30,-5.0,15.78131809,66.18466847,535204.0008,7340713.562
330,343,AC-25,C,AC-25C,2018-04-02,125,-5.0,15.92966596,66.18915009,541880.3604,7341304.369
331,344,AC-26,C,AC-26C,2018-04-02,50,-5.0,16.12773116,66.17593417,550828.7822,7339978.009
332,345,AC-29,C,AC-29C,2018-04-02,85,-5.0,16.21388604,66.13022809,554810.2752,7334956.739
333,346,AC-30,C,AC-30C,2018-03-23,70,-10.0,16.40948664,66.08242527,563760.9059,7329814.416
334,347,AC-34,C,AC-34C,2018-03-23,75,-10.0,16.38630033,66.02781699,562846.7651,7323705.379
335,348,AC-35,C,AC-35C,2018-03-23,110,-10.0,16.63015012,66.00485918,573966.1625,7321413.04
336,349,AC-36,C,AC-36C,2018-03-23,150,-15.0,16.83500371,66.00692786,583252.4008,7321900.346
337,350,AC-43,C,AC-43C,2019-04-03,135,-10.0,15.2080681,66.09142172,509409.665,7330115.849
338,351,AC-46,C,AC-46C,2019-04-05,10,-5.0,15.18055162,66.16762289,508140.7873,7338605.705
339,352,AC-32,C,AC-32C,2019-03-11,250+,-15.0,15.94437763,66.0264787,542816.3157,7323183.87
340,353,AC-27,C,AC-27C,2019-03-11,210,-15.0,15.80351497,66.07257278,536364.3222,7328232.328
341,354,AC-42,C,AC-42C,2019-03-11,110,-10.0,15.68504701,65.89042994,531224.7772,7307867.528
342,358,AC-33,C,AC-33C,2019-03-05,40,-10.0,16.08053297,66.03404496,548974.3517,7324126.804
343,359,AC-31,C,AC-31C,2019-03-05,50,-15.0,15.68346284,65.98772306,531034.4515,7318710.707
344,360,AC-38,C,AC-38C,2019-03-05,45,-20.0,16.11606048,65.89957289,550851.1264,7309168.337
345,361,AC-37,C,AC-37C,2019-03-05,45,-17.0,15.89264784,65.90691896,540660.7363,7309824.185
346,362,AC-28,C,AC-28C,2019-03-07,35,-15.0,15.90602943,66.12572896,540917.8704,7334220.113
347,363,AC-35,C,AC-35C,2019-03-15,80,-10.0,16.63015012,66.00485918,573966.1625,7321413.04
348,364,AC-36,C,AC-36C,2019-03-15,90,-10.0,16.83500371,66.00692786,583252.4008,7321900.346
349,365,AC-26,C,AC-26C,2019-03-26,30,-10.0,16.12773116,66.17593417,550828.7822,7339978.009
350,366,AC-25,C,AC-25C,2019-03-26,75,-10.0,15.92966596,66.18915009,541880.3604,7341304.369
351,367,AC-24,C,AC-24C,2019-03-26,55,-8.0,15.78131809,66.18466847,535204.0008,7340713.562
352,368,AC-29,C,AC-29C,2019-03-26,250,-10.0,16.21388604,66.13022809,554810.2752,7334956.739
353,369,AC-34,C,AC-34C,2019-03-16,30,-4.0,16.38630033,66.02781699,562846.7651,7323705.379
354,370,AC-30,C,AC-30C,2019-03-17,35,-20.0,16.40948664,66.08242527,563760.9059,7329814.416
355,371,AC-22,C,AC-22C,2019-04-08,170,,15.74886754,66.27024759,533627.8269,7350234.324
356,372,AC-21,C,AC-21C,2019-04-08,130,-8.0,15.54403889,66.2931197,524408.0744,7352688.726
357,375,AC-23,C,AC-23C,2019-04-08,60,-10.0,15.40240613,66.19702191,518122.7213,7341929.176
358,376,AC-33,C,AC-33C,2020-02-26,70,-15.0,16.08053297,66.03404496,548974.3517,7324126.804
359,377,AC-42,C,AC-42C,2020-02-27,135,-15.0,15.68504701,65.89042994,531224.7772,7307867.528
360,378,AC-40,C,AC-40C,2020-03-19,230+,-5.0,16.13319552,65.84112738,551749.3676,7302668.783
361,379,AC-41,C,AC-41C,2020-03-19,220,-5.0,16.30759412,65.80478255,559797.0704,7298773.267
362,380,AC-37,C,AC-37C,2020-04-05,55,-15.0,15.89264784,65.90691896,540660.7363,7309824.185
363,381,AC-38,C,AC-38C,2020-04-05,150,-10.0,16.11606048,65.89957289,550851.1264,7309168.337
364,382,AC-39,C,AC-39C,2020-04-06,170,-10.0,15.99713695,65.85558969,545510.8611,7304175.201
365,383,AC-36,C,AC-36C,2020-04-21,130,-2.0,16.83500371,66.00692786,583252.4008,7321900.346
366,384,AC-35,C,AC-35C,2020-04-22,110,-6.0,16.63015012,66.00485918,573966.1625,7321413.04
367,385,AC-28,C,AC-28C,2020-04-27,30,-1.0,15.90602943,66.12572896,540917.8704,7334220.113
368,386,AC-23,C,AC-23C,2020-04-28,95,-3.0,15.40240613,66.19702191,518122.7213,7341929.176
369,387,AC-22,C,AC-22C,2020-04-28,240+,-1.0,15.74886754,66.27024759,533627.8269,7350234.324
370,388,AC-21,C,AC-21C,2020-04-28,165,-3.0,15.54403889,66.2931197,524408.0744,7352688.726
371,389,AC-31,C,AC-31C,2020-04-28,90,-10.0,15.68346284,65.98772306,531034.4515,7318710.707
372,390,AC-32,C,AC-32C,2020-04-28,240+,-1.0,15.94437763,66.0264787,542816.3157,7323183.87
373,391,AC-34,C,AC-34C,2020-04-29,70,-5.0,16.38630033,66.02781699,562846.7651,7323705.379
374,392,AC-30,C,AC-30C,2020-04-29,90,-5.0,16.40948664,66.08242527,563760.9059,7329814.416
375,393,AC-29,C,AC-29C,2020-04-29,240+,-5.0,16.21388604,66.13022809,554810.2752,7334956.739
376,394,AC-25,C,AC-25C,2020-04-29,210,-3.0,15.92966596,66.18915009,541880.3604,7341304.369
377,395,AC-24,C,AC-24C,2020-04-29,150,-2.0,15.78131809,66.18466847,535204.0008,7340713.562
378,396,AC-27,C,AC-27C,2020-05-01,240+,-5.0,15.80351497,66.07257278,536364.3222,7328232.328
379,397,AC-43,C,AC-43C,2020-05-09,240+,-2.0,15.2080681,66.09142172,509409.665,7330115.849
380,398,AC-46,C,AC-46C,2020-05-09,200,-3.0,15.18055162,66.16762289,508140.7873,7338605.705
381,399,AC-26,C,AC-26C,2020-04-29,130,-3.0,16.12773116,66.17593417,550828.7822,7339978.009
382,400,AC-22,C,AC-22C,2021-04-12,140,-5.0,15.74886754,66.27024759,533627.8269,7350234.324
383,401,AC-21,C,AC-21C,2021-04-12,90,-5.0,15.54403889,66.2931197,524408.0744,7352688.726
384,402,AC-23,C,AC-23C,2021-04-12,45,-5.0,15.40240613,66.19702191,518122.7213,7341929.176
385,403,AC-43,C,AC-43C,2021-04-17,100,-8.0,15.2080681,66.09142172,509409.665,7330115.849
386,404,AC-46,C,AC-46C,2021-04-17,80,-6.0,15.18055162,66.16762289,508140.7873,7338605.705
387,405,AC-32,C,AC-32C,2021-05-03,240+,-8.0,15.94437763,66.0264787,542816.3157,7323183.87
388,406,AC-27,C,AC-27C,2021-05-03,240,-8.0,15.80351497,66.07257278,536364.3222,7328232.328
389,408,AC-33,C,AC-33C,2021-03-10,75,-20.0,16.08053297,66.03404496,548974.3517,7324126.804
390,409,AC-41,C,AC-41C,2021-03-15,100,-10.0,16.30759412,65.80478255,559797.0704,7298773.267
391,410,AC-42,C,AC-42C,2021-03-16,90,-10.0,15.68504701,65.89042994,531224.7772,7307867.528
392,411,AC-31,C,AC-31C,2021-03-16,150,-5.0,15.68346284,65.98772306,531034.4515,7318710.707
393,412,AC-38,C,AC-38C,2021-03-18,85,-10.0,16.11606048,65.89957289,550851.1264,7309168.337
394,413,AC-40,C,AC-40C,2021-03-18,160,-10.0,16.13319552,65.84112738,551749.3676,7302668.783
395,414,AC-39,C,AC-39C,2021-03-18,80,-10.0,15.99713695,65.85558969,545510.8611,7304175.201
396,415,AC-37,C,AC-37C,2021-03-18,25,-10.0,15.89264784,65.90691896,540660.7363,7309824.185
397,416,AC-35,C,AC-35C,2021-03-26,90,-8.0,16.63015012,66.00485918,573966.1625,7321413.04
398,417,AC-36,C,AC-36C,2021-03-26,125,-8.0,16.83500371,66.00692786,583252.4008,7321900.346
399,418,AC-34,C,AC-34C,2021-03-26,30,-6.0,16.38630033,66.02781699,562846.7651,7323705.379
400,419,AC-30,C,AC-30C,2021-03-26,50,-6.0,16.40948664,66.08242527,563760.9059,7329814.416
401,420,AC-29,C,AC-29C,2021-03-28,90,-5.0,16.21388604,66.13022809,554810.2752,7334956.739
402,421,AC-28,C,AC-28C,2021-03-28,30,-5.0,15.90602943,66.12572896,540917.8704,7334220.113
403,422,AC-26,C,AC-26C,2021-04-12,75,-11.0,16.12773116,66.17593417,550828.7822,7339978.009
404,423,AC-25,C,AC-25C,2021-04-12,150,,15.92966596,66.18915009,541880.3604,7341304.369
405,424,AC-24,C,AC-24C,2021-04-12,35,-10.0,15.78131809,66.18466847,535204.0008,7340713.562
406,425,AC-33,C,AC-33C,2022-01-31,35,-19.6,16.08053297,66.03404496,548974.3517,7324126.804
407,426,AC-40,C,AC-40C,2022-02-19,175,-15.0,16.13319552,65.84112738,551749.3676,7302668.783
408,427,AC-41,C,AC-41C,2022-02-19,120,-15.0,16.30759412,65.80478255,559797.0704,7298773.267
409,428,AC-31,C,AC-31C,2022-03-04,70,-11.5,15.68346284,65.98772306,531034.4515,7318710.707
410,429,AC-39,C,AC-39C,2022-03-09,40,-7.0,15.99713695,65.85558969,545510.8611,7304175.201
411,430,AC-28,C,AC-28C,2022-03-12,45,-3.0,15.90602943,66.12572896,540917.8704,7334220.113
412,431,AC-32,C,AC-32C,2022-03-12,165,0.0,15.94437763,66.0264787,542816.3157,7323183.87
413,432,AC-30,C,AC-30C,2022-03-13,75,-5.0,16.40948664,66.08242527,563760.9059,7329814.416
414,433,AC-34,C,AC-34C,2022-03-13,75,,16.38630033,66.02781699,562846.7651,7323705.379
415,434,AC-35,C,AC-35C,2022-03-13,85,-8.4,16.63015012,66.00485918,573966.1625,7321413.04
416,435,AC-36,C,AC-36C,2022-03-13,150,-5.0,16.83500371,66.00692786,583252.4008,7321900.346
417,436,AC-21,C,AC-21C,2022-03-14,165,-1.0,15.54403889,66.2931197,524408.0744,7352688.726
418,437,AC-24,C,AC-24C,2022-03-14,195,-2.0,15.78131809,66.18466847,535204.0008,7340713.562
419,438,AC-25,C,AC-25C,2022-03-14,190,-2.0,15.92966596,66.18915009,541880.3604,7341304.369
420,439,AC-26,C,AC-26C,2022-03-14,70,-6.0,16.12773116,66.17593417,550828.7822,7339978.009
421,440,AC-29,C,AC-29C,2022-03-14,50,-8.4,16.21388604,66.13022809,554810.2752,7334956.739
422,441,AC-23,C,AC-23C,2022-03-15,75,-1.0,15.40240613,66.19702191,518122.7213,7341929.176
423,442,AC-38,C,AC-38C,2022-03-15,100,-17.0,16.11606048,65.89957289,550851.1264,7309168.337
424,443,AC-43,C,AC-43C,2022-03-15,160,-4.0,15.2080681,66.09142172,509409.665,7330115.849
425,444,AC-46,C,AC-46C,2022-03-15,260,-3.0,15.18055162,66.16762289,508140.7873,7338605.705
426,445,AC-22,C,AC-22C,2022-03-16,240,-2.0,15.74886754,66.27024759,533627.8269,7350234.324
427,446,AC-42,C,AC-42C,2022-03-16,125,,15.68504701,65.89042994,531224.7772,7307867.528
428,447,AC-37,C,AC-37C,2022-04-15,30,-5.0,15.89264784,65.90691896,540660.7363,7309824.185
