ID,Triangle,Corner,date,SnowDepth,CornerTriangle,longitude,latitude,temperature
1,AC-42,A,2017-02-21,50,AC-42A,15.76098076,65.90840731,-5.0
2,AC-38,A,2017-02-26,50,AC-38A,16.02861195,65.89659453,-10.0
3,AC-37,A,2017-02-26,45,AC-37A,15.84881121,65.9380027,-8.0
4,AC-31,A,2017-02-26,20,AC-31A,15.59576559,65.98449828,-8.0
5,AC-39,A,2017-03-04,60,AC-39A,15.93640688,65.88145457,-15.0
6,AC-40,A,2017-03-04,82,AC-40A,16.08976248,65.87227973,-9.0
7,AC-41,A,2017-03-04,70,AC-41A,16.26443367,65.83598422,-9.0
8,AC-33,A,2017-03-04,35,AC-33A,16.03670724,66.06518167,-7.0
9,AC-32,A,2017-03-05,135,AC-32A,15.88210448,66.05188319,-14.0
10,AC-27,A,2017-03-05,90,AC-27A,15.71649311,66.07877936,-10.0
11,AC-30,A,2017-03-06,82,AC-30A,16.32392487,66.07345377,-10.0
12,AC-34,A,2017-03-06,145,AC-34A,16.33018168,66.05549638,-10.0
13,AC-35,A,2017-03-06,30,AC-35A,16.55332624,65.98731394,-10.0
14,AC-36,A,2017-03-17,65,AC-36A,16.75175007,65.99519203,-10.0
15,AC-29,A,2017-03-17,95,AC-29A,16.14107316,66.10983041,-10.0
16,AC-26,A,2017-03-17,105,AC-26A,16.04425364,66.16381694,-15.0
17,AC-25,A,2017-03-31,55,AC-25A,15.84925843,66.20434872,-10.0
18,AC-24,A,2017-03-31,50,AC-24A,15.69390556,66.19086231,-8.0
19,AC-22,A,2017-03-17,155,AC-22A,15.66018048,66.26705978,-7.0
20,AC-21,A,2017-03-17,60,AC-21A,15.49256311,66.32241149,-5.0
21,AC-23,A,2017-04-18,90,AC-23A,15.37146429,66.23064849,-10.0
22,AC-28,A,2017-04-14,20,AC-28A,15.8491718,66.15323252,
23,AC-33,A,2017-04-16,45,AC-33A,16.03670724,66.06518167,-8.0
24,AC-37,A,2017-04-16,70,AC-37A,15.84881121,65.9380027,-10.0
25,AC-43,A,2017-04-18,200,AC-43A,15.25159463,66.12264974,-5.0
27,AC-46,A,2018-03-31,110,AC-46A,15.24173924,66.1936143,-10.0
28,AC-43,A,2018-03-31,100,AC-43A,15.25159463,66.12264974,-10.0
29,AC-23,A,2018-03-30,75,AC-23A,15.37146429,66.23064849,-8.0
30,AC-21,A,2018-03-30,85,AC-21A,15.49256311,66.32241149,-5.0
31,AC-22,A,2018-03-30,80,AC-22A,15.66018048,66.26705978,-5.0
32,AC-42,A,2018-03-29,85,AC-42A,15.76098076,65.90840731,-10.0
33,AC-37,A,2018-03-15,70,AC-37A,15.84881121,65.9380027,-15.0
34,AC-37,A,2018-04-17,90,AC-37A,15.84881121,65.9380027,0.0
35,AC-39,A,2018-03-15,80,AC-39A,15.93640688,65.88145457,-15.0
36,AC-38,A,2018-03-15,85,AC-38A,16.02861195,65.89659453,-15.0
37,AC-40,A,2018-03-16,170,AC-40A,16.08976248,65.87227973,-15.0
38,AC-41,A,2018-03-16,120,AC-41A,16.26443367,65.83598422,-20.0
39,AC-31,A,2018-03-16,115,AC-31A,15.59576559,65.98449828,-10.0
40,AC-27,A,2018-03-28,240,AC-27A,15.71649311,66.07877936,-8.0
41,AC-28,A,2018-03-28,140,AC-28A,15.8491718,66.15323252,-8.0
42,AC-32,A,2018-03-28,155,AC-32A,15.88210448,66.05188319,-5.0
43,AC-33,A,2018-03-28,135,AC-33A,16.03670724,66.06518167,-10.0
44,AC-24,A,2018-03-30,90,AC-24A,15.69390556,66.19086231,-5.0
45,AC-25,A,2018-04-02,100,AC-25A,15.84925843,66.20434872,-5.0
46,AC-26,A,2018-04-02,140,AC-26A,16.04425364,66.16381694,-5.0
47,AC-29,A,2018-04-02,145,AC-29A,16.14107316,66.10983041,-5.0
48,AC-30,A,2018-03-23,110,AC-30A,16.32392487,66.07345377,-10.0
49,AC-34,A,2018-03-23,130,AC-34A,16.33018168,66.05549638,-10.0
50,AC-35,A,2018-03-23,90,AC-35A,16.55332624,65.98731394,-10.0
51,AC-36,A,2018-03-23,125,AC-36A,16.75175007,65.99519203,-15.0
52,AC-43,A,2019-04-03,250+,AC-43A,15.25159463,66.12264974,-10.0
53,AC-46,A,2019-04-05,65,AC-46A,15.24173924,66.1936143,-5.0
54,AC-32,A,2019-03-11,65,AC-32A,15.88210448,66.05188319,-15.0
55,AC-27,A,2019-03-11,200,AC-27A,15.71649311,66.07877936,-15.0
56,AC-42,A,2019-03-11,30,AC-42A,15.76098076,65.90840731,-10.0
60,AC-33,A,2019-03-05,65,AC-33A,16.03670724,66.06518167,-10.0
61,AC-31,A,2019-03-05,50,AC-31A,15.59576559,65.98449828,-15.0
62,AC-38,A,2019-03-05,35,AC-38A,16.02861195,65.89659453,-20.0
63,AC-37,A,2019-03-05,30,AC-37A,15.84881121,65.9380027,-17.0
64,AC-28,A,2019-03-07,90,AC-28A,15.8491718,66.15323252,-15.0
65,AC-35,A,2019-03-15,90,AC-35A,16.55332624,65.98731394,-10.0
66,AC-36,A,2019-03-15,130,AC-36A,16.75175007,65.99519203,-10.0
67,AC-26,A,2019-03-26,110,AC-26A,16.04425364,66.16381694,-10.0
68,AC-25,A,2019-03-26,90,AC-25A,15.84925843,66.20434872,-10.0
69,AC-24,A,2019-03-26,80,AC-24A,15.69390556,66.19086231,-8.0
70,AC-29,A,2019-03-26,100,AC-29A,16.14107316,66.10983041,-10.0
71,AC-34,A,2019-03-16,165,AC-34A,16.33018168,66.05549638,-4.0
72,AC-30,A,2019-03-17,60,AC-30A,16.32392487,66.07345377,-20.0
73,AC-22,A,2019-04-08,70,AC-22A,15.66018048,66.26705978,
74,AC-21,A,2019-04-08,85,AC-21A,15.49256311,66.32241149,-8.0
77,AC-23,A,2019-04-08,110,AC-23A,15.37146429,66.23064849,-10.0
78,AC-33,A,2020-02-26,170,AC-33A,16.03670724,66.06518167,-15.0
79,AC-42,A,2020-02-27,75,AC-42A,15.76098076,65.90840731,-15.0
80,AC-40,A,2020-03-19,170,AC-40A,16.08976248,65.87227973,-5.0
81,AC-41,A,2020-03-19,125,AC-41A,16.26443367,65.83598422,-5.0
82,AC-37,A,2020-04-05,160,AC-37A,15.84881121,65.9380027,-15.0
83,AC-38,A,2020-04-05,160,AC-38A,16.02861195,65.89659453,-10.0
84,AC-39,A,2020-04-06,135,AC-39A,15.93640688,65.88145457,-10.0
85,AC-36,A,2020-04-21,125,AC-36A,16.75175007,65.99519203,-2.0
86,AC-35,A,2020-04-22,100,AC-35A,16.55332624,65.98731394,-6.0
87,AC-28,A,2020-04-27,190,AC-28A,15.8491718,66.15323252,-1.0
88,AC-23,A,2020-04-28,80,AC-23A,15.37146429,66.23064849,-3.0
89,AC-22,A,2020-04-28,190,AC-22A,15.66018048,66.26705978,-1.0
90,AC-21,A,2020-04-28,200,AC-21A,15.49256311,66.32241149,-3.0
91,AC-31,A,2020-04-28,150,AC-31A,15.59576559,65.98449828,-10.0
92,AC-32,A,2020-04-28,240+,AC-32A,15.88210448,66.05188319,-1.0
93,AC-34,A,2020-04-29,210,AC-34A,16.33018168,66.05549638,-5.0
94,AC-30,A,2020-04-29,130,AC-30A,16.32392487,66.07345377,-5.0
95,AC-29,A,2020-04-29,95,AC-29A,16.14107316,66.10983041,-5.0
96,AC-25,A,2020-04-29,180,AC-25A,15.84925843,66.20434872,-3.0
97,AC-24,A,2020-04-29,140,AC-24A,15.69390556,66.19086231,-2.0
98,AC-27,A,2020-05-01,240+,AC-27A,15.71649311,66.07877936,-5.0
99,AC-43,A,2020-05-09,240+,AC-43A,15.25159463,66.12264974,-2.0
100,AC-46,A,2020-05-09,190,AC-46A,15.24173924,66.1936143,-3.0
101,AC-26,A,2020-04-29,150,AC-26A,16.04425364,66.16381694,-3.0
102,AC-22,A,2021-04-12,140,AC-22A,15.66018048,66.26705978,-5.0
103,AC-21,A,2021-04-12,60,AC-21A,15.49256311,66.32241149,-5.0
104,AC-23,A,2021-04-12,100,AC-23A,15.37146429,66.23064849,-5.0
105,AC-43,A,2021-04-17,170,AC-43A,15.25159463,66.12264974,-8.0
106,AC-46,A,2021-04-17,45,AC-46A,15.24173924,66.1936143,-6.0
107,AC-32,A,2021-05-03,145,AC-32A,15.88210448,66.05188319,-8.0
108,AC-27,A,2021-05-03,160,AC-27A,15.71649311,66.07877936,-8.0
110,AC-33,A,2021-03-10,50,AC-33A,16.03670724,66.06518167,-20.0
111,AC-41,A,2021-03-15,90,AC-41A,16.26443367,65.83598422,-10.0
112,AC-42,A,2021-03-16,50,AC-42A,15.76098076,65.90840731,-10.0
113,AC-31,A,2021-03-16,140,AC-31A,15.59576559,65.98449828,-5.0
114,AC-38,A,2021-03-18,60,AC-38A,16.02861195,65.89659453,-10.0
115,AC-40,A,2021-03-18,145,AC-40A,16.08976248,65.87227973,-10.0
116,AC-39,A,2021-03-18,60,AC-39A,15.93640688,65.88145457,-10.0
117,AC-37,A,2021-03-18,70,AC-37A,15.84881121,65.9380027,-10.0
118,AC-35,A,2021-03-26,75,AC-35A,16.55332624,65.98731394,-8.0
119,AC-36,A,2021-03-26,110,AC-36A,16.75175007,65.99519203,-8.0
120,AC-34,A,2021-03-26,120,AC-34A,16.33018168,66.05549638,-6.0
121,AC-30,A,2021-03-26,100,AC-30A,16.32392487,66.07345377,-6.0
122,AC-29,A,2021-03-28,90,AC-29A,16.14107316,66.10983041,-5.0
123,AC-28,A,2021-03-28,110,AC-28A,15.8491718,66.15323252,-5.0
124,AC-26,A,2021-04-12,120,AC-26A,16.04425364,66.16381694,-11.0
125,AC-25,A,2021-04-12,115,AC-25A,15.84925843,66.20434872,
126,AC-24,A,2021-04-12,90,AC-24A,15.69390556,66.19086231,-10.0
127,AC-33,A,2022-01-31,90,AC-33A,16.03670724,66.06518167,-19.6
128,AC-40,A,2022-02-19,130,AC-40A,16.08976248,65.87227973,-15.0
129,AC-41,A,2022-02-19,100,AC-41A,16.26443367,65.83598422,-15.0
130,AC-31,A,2022-03-04,180,AC-31A,15.59576559,65.98449828,-11.5
131,AC-39,A,2022-03-09,70,AC-39A,15.93640688,65.88145457,-7.0
132,AC-28,A,2022-03-12,80,AC-28A,15.8491718,66.15323252,-3.0
133,AC-32,A,2022-03-12,130,AC-32A,15.88210448,66.05188319,0.0
134,AC-30,A,2022-03-13,90,AC-30A,16.32392487,66.07345377,-5.0
135,AC-34,A,2022-03-13,150,AC-34A,16.33018168,66.05549638,
136,AC-35,A,2022-03-13,80,AC-35A,16.55332624,65.98731394,-8.4
137,AC-36,A,2022-03-13,110,AC-36A,16.75175007,65.99519203,-5.0
138,AC-21,A,2022-03-14,155,AC-21A,15.49256311,66.32241149,-1.0
139,AC-24,A,2022-03-14,130,AC-24A,15.69390556,66.19086231,-2.0
140,AC-25,A,2022-03-14,100,AC-25A,15.84925843,66.20434872,-2.0
141,AC-26,A,2022-03-14,135,AC-26A,16.04425364,66.16381694,-6.0
142,AC-29,A,2022-03-14,180,AC-29A,16.14107316,66.10983041,-8.4
143,AC-23,A,2022-03-15,120,AC-23A,15.37146429,66.23064849,-1.0
144,AC-38,A,2022-03-15,75,AC-38A,16.02861195,65.89659453,-17.0
145,AC-43,A,2022-03-15,220,AC-43A,15.25159463,66.12264974,-4.0
146,AC-46,A,2022-03-15,155,AC-46A,15.24173924,66.1936143,-3.0
147,AC-22,A,2022-03-16,195,AC-22A,15.66018048,66.26705978,-2.0
148,AC-42,A,2022-03-16,60,AC-42A,15.76098076,65.90840731,
149,AC-37,A,2022-04-15,130,AC-37A,15.84881121,65.9380027,-5.0
150,AC-42,B,2017-02-21,85,AC-42B,15.76104404,65.87253495,-5.0
151,AC-38,B,2017-02-26,75,AC-38B,16.06601119,65.92904529,-10.0
152,AC-37,B,2017-02-26,70,AC-37B,15.93669383,65.93795328,-8.0
153,AC-31,B,2017-02-26,60,AC-31B,15.63274264,66.01705338,-8.0
154,AC-39,B,2017-03-04,70,AC-39B,16.0215596,65.89003991,-15.0
155,AC-40,B,2017-03-04,75,AC-40B,16.17741866,65.87209272,-9.0
156,AC-41,B,2017-03-04,13,AC-41B,16.35196411,65.83569752,-9.0
157,AC-33,B,2017-03-04,30,AC-33B,16.12502754,66.06502455,-7.0
158,AC-32,B,2017-03-05,125,AC-32B,15.96743701,66.06109946,-14.0
159,AC-27,B,2017-03-05,70,AC-27B,15.77325645,66.10627946,-10.0
160,AC-30,B,2017-03-06,130,AC-30B,16.3475215,66.10802569,-10.0
161,AC-34,B,2017-03-06,125,AC-34B,16.41726798,66.06140904,-10.0
162,AC-35,B,2017-03-06,95,AC-35B,16.55437651,66.02318273,-10.0
163,AC-36,B,2017-03-17,70,AC-36B,16.76838233,66.0304171,-10.0
164,AC-29,B,2017-03-17,115,AC-29B,16.13381444,66.1455831,-10.0
165,AC-26,B,2017-03-17,35,AC-26B,16.06001278,66.19911613,-15.0
166,AC-25,B,2017-03-31,145,AC-25B,15.92210788,66.22488338,-10.0
167,AC-24,B,2017-03-31,60,AC-24B,15.75089585,66.21837029,-8.0
168,AC-22,B,2017-03-17,140,AC-22B,15.6976547,66.29959822,-7.0
169,AC-21,B,2017-03-17,185,AC-21B,15.58142379,66.32569497,-5.0
170,AC-23,B,2017-04-18,70,AC-23B,15.45909231,66.2246367,-10.0
171,AC-28,B,2017-04-14,50,AC-28B,15.93648025,66.15941633,
172,AC-33,B,2017-04-16,15,AC-33B,16.12502754,66.06502455,-8.0
173,AC-37,B,2017-04-16,70,AC-37B,15.93669383,65.93795328,-10.0
174,AC-43,B,2017-04-18,80,AC-43B,15.29647724,66.09173882,-5.0
175,AC-46,B,2017-04-18,45,AC-46B,15.26675247,66.15918547,-5.0
176,AC-46,B,2018-03-31,110,AC-46B,15.26675247,66.15918547,-10.0
177,AC-43,B,2018-03-31,40,AC-43B,15.29647724,66.09173882,-10.0
178,AC-23,B,2018-03-30,120,AC-23B,15.45909231,66.2246367,-8.0
179,AC-21,B,2018-03-30,80,AC-21B,15.58142379,66.32569497,-5.0
180,AC-22,B,2018-03-30,60,AC-22B,15.6976547,66.29959822,-5.0
181,AC-42,B,2018-03-29,110,AC-42B,15.76104404,65.87253495,-10.0
182,AC-37,B,2018-03-15,45,AC-37B,15.93669383,65.93795328,-15.0
183,AC-37,B,2018-04-17,50,AC-37B,15.93669383,65.93795328,0.0
184,AC-39,B,2018-03-15,120,AC-39B,16.0215596,65.89003991,-15.0
185,AC-38,B,2018-03-15,120,AC-38B,16.06601119,65.92904529,-15.0
186,AC-40,B,2018-03-16,115,AC-40B,16.17741866,65.87209272,-15.0
187,AC-41,B,2018-03-16,200,AC-41B,16.35196411,65.83569752,-20.0
188,AC-31,B,2018-03-16,125,AC-31B,15.63274264,66.01705338,-10.0
189,AC-27,B,2018-03-28,60,AC-27B,15.77325645,66.10627946,-8.0
190,AC-28,B,2018-03-28,55,AC-28B,15.93648025,66.15941633,-8.0
191,AC-32,B,2018-03-28,250,AC-32B,15.96743701,66.06109946,-5.0
192,AC-33,B,2018-03-28,130,AC-33B,16.12502754,66.06502455,-10.0
193,AC-24,B,2018-03-30,90,AC-24B,15.75089585,66.21837029,-5.0
194,AC-25,B,2018-04-02,110,AC-25B,15.92210788,66.22488338,-5.0
195,AC-26,B,2018-04-02,75,AC-26B,16.06001278,66.19911613,-5.0
196,AC-29,B,2018-04-02,90,AC-29B,16.13381444,66.1455831,-5.0
197,AC-30,B,2018-03-23,165,AC-30B,16.3475215,66.10802569,-10.0
198,AC-34,B,2018-03-23,115,AC-34B,16.41726798,66.06140904,-10.0
199,AC-35,B,2018-03-23,120,AC-35B,16.55437651,66.02318273,-10.0
200,AC-36,B,2018-03-23,110,AC-36B,16.76838233,66.0304171,-15.0
201,AC-43,B,2019-04-03,30,AC-43B,15.29647724,66.09173882,-10.0
202,AC-46,B,2019-04-05,125,AC-46B,15.26675247,66.15918547,-5.0
203,AC-32,B,2019-03-11,58,AC-32B,15.96743701,66.06109946,-15.0
204,AC-27,B,2019-03-11,30,AC-27B,15.77325645,66.10627946,-15.0
205,AC-42,B,2019-03-11,90,AC-42B,15.76104404,65.87253495,-10.0
209,AC-33,B,2019-03-05,10,AC-33B,16.12502754,66.06502455,-10.0
210,AC-31,B,2019-03-05,50,AC-31B,15.63274264,66.01705338,-15.0
211,AC-38,B,2019-03-05,80,AC-38B,16.06601119,65.92904529,-20.0
212,AC-37,B,2019-03-05,40,AC-37B,15.93669383,65.93795328,-17.0
213,AC-28,B,2019-03-07,30,AC-28B,15.93648025,66.15941633,-15.0
214,AC-35,B,2019-03-15,135,AC-35B,16.55437651,66.02318273,-10.0
215,AC-36,B,2019-03-15,65,AC-36B,16.76838233,66.0304171,-10.0
216,AC-26,B,2019-03-26,75,AC-26B,16.06001278,66.19911613,-10.0
217,AC-25,B,2019-03-26,45,AC-25B,15.92210788,66.22488338,-10.0
218,AC-24,B,2019-03-26,30,AC-24B,15.75089585,66.21837029,-8.0
219,AC-29,B,2019-03-26,75,AC-29B,16.13381444,66.1455831,-10.0
220,AC-34,B,2019-03-16,150,AC-34B,16.41726798,66.06140904,-4.0
221,AC-30,B,2019-03-17,145,AC-30B,16.3475215,66.10802569,-20.0
222,AC-22,B,2019-04-08,160,AC-22B,15.6976547,66.29959822,
223,AC-21,B,2019-04-08,170,AC-21B,15.58142379,66.32569497,-8.0
226,AC-23,B,2019-04-08,185,AC-23B,15.45909231,66.2246367,-10.0
227,AC-33,B,2020-02-26,90,AC-33B,16.12502754,66.06502455,-15.0
228,AC-42,B,2020-02-27,130,AC-42B,15.76104404,65.87253495,-15.0
229,AC-40,B,2020-03-19,125,AC-40B,16.17741866,65.87209272,-5.0
230,AC-41,B,2020-03-19,210,AC-41B,16.35196411,65.83569752,-5.0
231,AC-37,B,2020-04-05,120,AC-37B,15.93669383,65.93795328,-15.0
232,AC-38,B,2020-04-05,130,AC-38B,16.06601119,65.92904529,-10.0
233,AC-39,B,2020-04-06,170,AC-39B,16.0215596,65.89003991,-10.0
234,AC-36,B,2020-04-21,90,AC-36B,16.76838233,66.0304171,-2.0
235,AC-35,B,2020-04-22,160,AC-35B,16.55437651,66.02318273,-6.0
236,AC-28,B,2020-04-27,60,AC-28B,15.93648025,66.15941633,-1.0
237,AC-23,B,2020-04-28,125,AC-23B,15.45909231,66.2246367,-3.0
238,AC-22,B,2020-04-28,240+,AC-22B,15.6976547,66.29959822,-1.0
239,AC-21,B,2020-04-28,195,AC-21B,15.58142379,66.32569497,-3.0
240,AC-31,B,2020-04-28,135,AC-31B,15.63274264,66.01705338,-10.0
241,AC-32,B,2020-04-28,240+,AC-32B,15.96743701,66.06109946,-1.0
242,AC-34,B,2020-04-29,195,AC-34B,16.41726798,66.06140904,-5.0
243,AC-30,B,2020-04-29,90,AC-30B,16.3475215,66.10802569,-5.0
244,AC-29,B,2020-04-29,160,AC-29B,16.13381444,66.1455831,-5.0
245,AC-25,B,2020-04-29,50,AC-25B,15.92210788,66.22488338,-3.0
246,AC-24,B,2020-04-29,90,AC-24B,15.75089585,66.21837029,-2.0
247,AC-27,B,2020-05-01,240+,AC-27B,15.77325645,66.10627946,-5.0
248,AC-43,B,2020-05-09,85,AC-43B,15.29647724,66.09173882,-2.0
249,AC-46,B,2020-05-09,170,AC-46B,15.26675247,66.15918547,-3.0
250,AC-26,B,2020-04-29,85,AC-26B,16.06001278,66.19911613,-3.0
251,AC-22,B,2021-04-12,185,AC-22B,15.6976547,66.29959822,-5.0
252,AC-21,B,2021-04-12,100,AC-21B,15.58142379,66.32569497,-5.0
253,AC-23,B,2021-04-12,145,AC-23B,15.45909231,66.2246367,-5.0
254,AC-43,B,2021-04-17,95,AC-43B,15.29647724,66.09173882,-8.0
255,AC-46,B,2021-04-17,90,AC-46B,15.26675247,66.15918547,-6.0
256,AC-32,B,2021-05-03,130,AC-32B,15.96743701,66.06109946,-8.0
257,AC-27,B,2021-05-03,75,AC-27B,15.77325645,66.10627946,-8.0
258,AC-32,B,2021-03-10,240+,AC-32B,15.96743701,66.06109946,-15.0
259,AC-33,B,2021-03-10,90,AC-33B,16.12502754,66.06502455,-20.0
260,AC-41,B,2021-03-15,140,AC-41B,16.35196411,65.83569752,-10.0
261,AC-42,B,2021-03-16,85,AC-42B,15.76104404,65.87253495,-10.0
262,AC-31,B,2021-03-16,80,AC-31B,15.63274264,66.01705338,-5.0
263,AC-38,B,2021-03-18,100,AC-38B,16.06601119,65.92904529,-10.0
264,AC-40,B,2021-03-18,85,AC-40B,16.17741866,65.87209272,-10.0
265,AC-39,B,2021-03-18,100,AC-39B,16.0215596,65.89003991,-10.0
266,AC-37,B,2021-03-18,30,AC-37B,15.93669383,65.93795328,-10.0
267,AC-35,B,2021-03-26,100,AC-35B,16.55437651,66.02318273,-8.0
268,AC-36,B,2021-03-26,80,AC-36B,16.76838233,66.0304171,-8.0
269,AC-34,B,2021-03-26,210,AC-34B,16.41726798,66.06140904,-6.0
270,AC-30,B,2021-03-26,180,AC-30B,16.3475215,66.10802569,-6.0
271,AC-29,B,2021-03-28,85,AC-29B,16.13381444,66.1455831,-5.0
272,AC-28,B,2021-03-28,40,AC-28B,15.93648025,66.15941633,-5.0
273,AC-26,B,2021-04-12,90,AC-26B,16.06001278,66.19911613,-11.0
274,AC-25,B,2021-04-12,145,AC-25B,15.92210788,66.22488338,
275,AC-24,B,2021-04-12,85,AC-24B,15.75089585,66.21837029,-10.0
276,AC-33,B,2022-01-31,30,AC-33B,16.12502754,66.06502455,-19.6
277,AC-40,B,2022-02-19,115,AC-40B,16.17741866,65.87209272,-15.0
278,AC-41,B,2022-02-19,210,AC-41B,16.35196411,65.83569752,-15.0
279,AC-31,B,2022-03-04,110,AC-31B,15.63274264,66.01705338,-11.5
280,AC-39,B,2022-03-09,135,AC-39B,16.0215596,65.89003991,-7.0
281,AC-28,B,2022-03-12,50,AC-28B,15.93648025,66.15941633,-3.0
282,AC-32,B,2022-03-12,130,AC-32B,15.96743701,66.06109946,0.0
283,AC-30,B,2022-03-13,230,AC-30B,16.3475215,66.10802569,-5.0
284,AC-34,B,2022-03-13,85,AC-34B,16.41726798,66.06140904,
285,AC-35,B,2022-03-13,120,AC-35B,16.55437651,66.02318273,-8.4
286,AC-36,B,2022-03-13,60,AC-36B,16.76838233,66.0304171,-5.0
287,AC-21,B,2022-03-14,145,AC-21B,15.58142379,66.32569497,-1.0
288,AC-24,B,2022-03-14,85,AC-24B,15.75089585,66.21837029,-2.0
289,AC-25,B,2022-03-14,145,AC-25B,15.92210788,66.22488338,-2.0
290,AC-26,B,2022-03-14,70,AC-26B,16.06001278,66.19911613,-6.0
291,AC-29,B,2022-03-14,130,AC-29B,16.13381444,66.1455831,-8.4
292,AC-23,B,2022-03-15,170,AC-23B,15.45909231,66.2246367,-1.0
293,AC-38,B,2022-03-15,95,AC-38B,16.06601119,65.92904529,-17.0
294,AC-43,B,2022-03-15,35,AC-43B,15.29647724,66.09173882,-4.0
295,AC-46,B,2022-03-15,125,AC-46B,15.26675247,66.15918547,-3.0
296,AC-22,B,2022-03-16,190,AC-22B,15.6976547,66.29959822,-2.0
297,AC-42,B,2022-03-16,100,AC-42B,15.76104404,65.87253495,
298,AC-37,B,2022-04-15,50,AC-37B,15.93669383,65.93795328,-5.0
299,AC-42,C,2017-02-21,110,AC-42C,15.68504701,65.89042994,-5.0
300,AC-38,C,2017-02-26,75,AC-38C,16.11606048,65.89957289,-10.0
301,AC-37,C,2017-02-26,20,AC-37C,15.89264784,65.90691896,-8.0
302,AC-31,C,2017-02-26,65,AC-31C,15.68346284,65.98772306,-8.0
303,AC-39,C,2017-03-04,30,AC-39C,15.99713695,65.85558969,-15.0
304,AC-40,C,2017-03-04,155,AC-40C,16.13319552,65.84112738,-9.0
305,AC-41,C,2017-03-04,125,AC-41C,16.30759412,65.80478255,-9.0
306,AC-33,C,2017-03-04,40,AC-33C,16.08053297,66.03404496,-7.0
307,AC-32,C,2017-03-05,185,AC-32C,15.94437763,66.0264787,-14.0
308,AC-27,C,2017-03-05,140,AC-27C,15.80351497,66.07257278,-10.0
309,AC-30,C,2017-03-06,35,AC-30C,16.40948664,66.08242527,-10.0
310,AC-34,C,2017-03-06,45,AC-34C,16.38630033,66.02781699,-10.0
311,AC-35,C,2017-03-06,75,AC-35C,16.63015012,66.00485918,-10.0
312,AC-36,C,2017-03-17,130,AC-36C,16.83500371,66.00692786,-10.0
313,AC-29,C,2017-03-17,185,AC-29C,16.21388604,66.13022809,-10.0
314,AC-26,C,2017-03-17,100,AC-26C,16.12773116,66.17593417,-15.0
315,AC-25,C,2017-03-31,95,AC-25C,15.92966596,66.18915009,-10.0
316,AC-24,C,2017-03-31,60,AC-24C,15.78131809,66.18466847,-8.0
317,AC-22,C,2017-03-17,215,AC-22C,15.74886754,66.27024759,-7.0
318,AC-21,C,2017-03-17,95,AC-21C,15.54403889,66.2931197,-5.0
319,AC-23,C,2017-04-18,45,AC-23C,15.40240613,66.19702191,-10.0
320,AC-28,C,2017-04-14,50,AC-28C,15.90602943,66.12572896,
321,AC-33,C,2017-04-16,40,AC-33C,16.08053297,66.03404496,-8.0
322,AC-37,C,2017-04-16,35,AC-37C,15.89264784,65.90691896,-10.0
323,AC-43,C,2017-04-18,95,AC-43C,15.2080681,66.09142172,-5.0
324,AC-46,C,2017-04-18,30,AC-46C,15.18055162,66.16762289,-5.0
325,AC-46,C,2018-03-31,90,AC-46C,15.18055162,66.16762289,-10.0
326,AC-43,C,2018-03-31,80,AC-43C,15.2080681,66.09142172,-10.0
327,AC-23,C,2018-03-30,65,AC-23C,15.40240613,66.19702191,-8.0
328,AC-21,C,2018-03-30,25,AC-21C,15.54403889,66.2931197,-5.0
329,AC-22,C,2018-03-30,65,AC-22C,15.74886754,66.27024759,-5.0
330,AC-42,C,2018-03-29,110,AC-42C,15.68504701,65.89042994,-10.0
331,AC-37,C,2018-03-15,10,AC-37C,15.89264784,65.90691896,-15.0
332,AC-37,C,2018-04-17,0,AC-37C,15.89264784,65.90691896,0.0
333,AC-39,C,2018-03-15,85,AC-39C,15.99713695,65.85558969,-15.0
334,AC-38,C,2018-03-15,130,AC-38C,16.11606048,65.89957289,-15.0
335,AC-40,C,2018-03-16,200,AC-40C,16.13319552,65.84112738,-15.0
336,AC-41,C,2018-03-16,165,AC-41C,16.30759412,65.80478255,-20.0
337,AC-31,C,2018-03-16,145,AC-31C,15.68346284,65.98772306,-10.0
338,AC-27,C,2018-03-28,220,AC-27C,15.80351497,66.07257278,-8.0
339,AC-28,C,2018-03-28,30,AC-28C,15.90602943,66.12572896,-8.0
340,AC-32,C,2018-03-28,190,AC-32C,15.94437763,66.0264787,-5.0
341,AC-33,C,2018-03-28,70,AC-33C,16.08053297,66.03404496,-10.0
342,AC-24,C,2018-03-30,30,AC-24C,15.78131809,66.18466847,-5.0
343,AC-25,C,2018-04-02,125,AC-25C,15.92966596,66.18915009,-5.0
344,AC-26,C,2018-04-02,50,AC-26C,16.12773116,66.17593417,-5.0
345,AC-29,C,2018-04-02,85,AC-29C,16.21388604,66.13022809,-5.0
346,AC-30,C,2018-03-23,70,AC-30C,16.40948664,66.08242527,-10.0
347,AC-34,C,2018-03-23,75,AC-34C,16.38630033,66.02781699,-10.0
348,AC-35,C,2018-03-23,110,AC-35C,16.63015012,66.00485918,-10.0
349,AC-36,C,2018-03-23,150,AC-36C,16.83500371,66.00692786,-15.0
350,AC-43,C,2019-04-03,135,AC-43C,15.2080681,66.09142172,-10.0
351,AC-46,C,2019-04-05,10,AC-46C,15.18055162,66.16762289,-5.0
352,AC-32,C,2019-03-11,250+,AC-32C,15.94437763,66.0264787,-15.0
353,AC-27,C,2019-03-11,210,AC-27C,15.80351497,66.07257278,-15.0
354,AC-42,C,2019-03-11,110,AC-42C,15.68504701,65.89042994,-10.0
358,AC-33,C,2019-03-05,40,AC-33C,16.08053297,66.03404496,-10.0
359,AC-31,C,2019-03-05,50,AC-31C,15.68346284,65.98772306,-15.0
360,AC-38,C,2019-03-05,45,AC-38C,16.11606048,65.89957289,-20.0
361,AC-37,C,2019-03-05,45,AC-37C,15.89264784,65.90691896,-17.0
362,AC-28,C,2019-03-07,35,AC-28C,15.90602943,66.12572896,-15.0
363,AC-35,C,2019-03-15,80,AC-35C,16.63015012,66.00485918,-10.0
364,AC-36,C,2019-03-15,90,AC-36C,16.83500371,66.00692786,-10.0
365,AC-26,C,2019-03-26,30,AC-26C,16.12773116,66.17593417,-10.0
366,AC-25,C,2019-03-26,75,AC-25C,15.92966596,66.18915009,-10.0
367,AC-24,C,2019-03-26,55,AC-24C,15.78131809,66.18466847,-8.0
368,AC-29,C,2019-03-26,250,AC-29C,16.21388604,66.13022809,-10.0
369,AC-34,C,2019-03-16,30,AC-34C,16.38630033,66.02781699,-4.0
370,AC-30,C,2019-03-17,35,AC-30C,16.40948664,66.08242527,-20.0
371,AC-22,C,2019-04-08,170,AC-22C,15.74886754,66.27024759,
372,AC-21,C,2019-04-08,130,AC-21C,15.54403889,66.2931197,-8.0
375,AC-23,C,2019-04-08,60,AC-23C,15.40240613,66.19702191,-10.0
376,AC-33,C,2020-02-26,70,AC-33C,16.08053297,66.03404496,-15.0
377,AC-42,C,2020-02-27,135,AC-42C,15.68504701,65.89042994,-15.0
378,AC-40,C,2020-03-19,230+,AC-40C,16.13319552,65.84112738,-5.0
379,AC-41,C,2020-03-19,220,AC-41C,16.30759412,65.80478255,-5.0
380,AC-37,C,2020-04-05,55,AC-37C,15.89264784,65.90691896,-15.0
381,AC-38,C,2020-04-05,150,AC-38C,16.11606048,65.89957289,-10.0
382,AC-39,C,2020-04-06,170,AC-39C,15.99713695,65.85558969,-10.0
383,AC-36,C,2020-04-21,130,AC-36C,16.83500371,66.00692786,-2.0
384,AC-35,C,2020-04-22,110,AC-35C,16.63015012,66.00485918,-6.0
385,AC-28,C,2020-04-27,30,AC-28C,15.90602943,66.12572896,-1.0
386,AC-23,C,2020-04-28,95,AC-23C,15.40240613,66.19702191,-3.0
387,AC-22,C,2020-04-28,240+,AC-22C,15.74886754,66.27024759,-1.0
388,AC-21,C,2020-04-28,165,AC-21C,15.54403889,66.2931197,-3.0
389,AC-31,C,2020-04-28,90,AC-31C,15.68346284,65.98772306,-10.0
390,AC-32,C,2020-04-28,240+,AC-32C,15.94437763,66.0264787,-1.0
391,AC-34,C,2020-04-29,70,AC-34C,16.38630033,66.02781699,-5.0
392,AC-30,C,2020-04-29,90,AC-30C,16.40948664,66.08242527,-5.0
393,AC-29,C,2020-04-29,240+,AC-29C,16.21388604,66.13022809,-5.0
394,AC-25,C,2020-04-29,210,AC-25C,15.92966596,66.18915009,-3.0
395,AC-24,C,2020-04-29,150,AC-24C,15.78131809,66.18466847,-2.0
396,AC-27,C,2020-05-01,240+,AC-27C,15.80351497,66.07257278,-5.0
397,AC-43,C,2020-05-09,240+,AC-43C,15.2080681,66.09142172,-2.0
398,AC-46,C,2020-05-09,200,AC-46C,15.18055162,66.16762289,-3.0
399,AC-26,C,2020-04-29,130,AC-26C,16.12773116,66.17593417,-3.0
400,AC-22,C,2021-04-12,140,AC-22C,15.74886754,66.27024759,-5.0
401,AC-21,C,2021-04-12,90,AC-21C,15.54403889,66.2931197,-5.0
402,AC-23,C,2021-04-12,45,AC-23C,15.40240613,66.19702191,-5.0
403,AC-43,C,2021-04-17,100,AC-43C,15.2080681,66.09142172,-8.0
404,AC-46,C,2021-04-17,80,AC-46C,15.18055162,66.16762289,-6.0
405,AC-32,C,2021-05-03,240+,AC-32C,15.94437763,66.0264787,-8.0
406,AC-27,C,2021-05-03,240,AC-27C,15.80351497,66.07257278,-8.0
408,AC-33,C,2021-03-10,75,AC-33C,16.08053297,66.03404496,-20.0
409,AC-41,C,2021-03-15,100,AC-41C,16.30759412,65.80478255,-10.0
410,AC-42,C,2021-03-16,90,AC-42C,15.68504701,65.89042994,-10.0
411,AC-31,C,2021-03-16,150,AC-31C,15.68346284,65.98772306,-5.0
412,AC-38,C,2021-03-18,85,AC-38C,16.11606048,65.89957289,-10.0
413,AC-40,C,2021-03-18,160,AC-40C,16.13319552,65.84112738,-10.0
414,AC-39,C,2021-03-18,80,AC-39C,15.99713695,65.85558969,-10.0
415,AC-37,C,2021-03-18,25,AC-37C,15.89264784,65.90691896,-10.0
416,AC-35,C,2021-03-26,90,AC-35C,16.63015012,66.00485918,-8.0
417,AC-36,C,2021-03-26,125,AC-36C,16.83500371,66.00692786,-8.0
418,AC-34,C,2021-03-26,30,AC-34C,16.38630033,66.02781699,-6.0
419,AC-30,C,2021-03-26,50,AC-30C,16.40948664,66.08242527,-6.0
420,AC-29,C,2021-03-28,90,AC-29C,16.21388604,66.13022809,-5.0
421,AC-28,C,2021-03-28,30,AC-28C,15.90602943,66.12572896,-5.0
422,AC-26,C,2021-04-12,75,AC-26C,16.12773116,66.17593417,-11.0
423,AC-25,C,2021-04-12,150,AC-25C,15.92966596,66.18915009,
424,AC-24,C,2021-04-12,35,AC-24C,15.78131809,66.18466847,-10.0
425,AC-33,C,2022-01-31,35,AC-33C,16.08053297,66.03404496,-19.6
426,AC-40,C,2022-02-19,175,AC-40C,16.13319552,65.84112738,-15.0
427,AC-41,C,2022-02-19,120,AC-41C,16.30759412,65.80478255,-15.0
428,AC-31,C,2022-03-04,70,AC-31C,15.68346284,65.98772306,-11.5
429,AC-39,C,2022-03-09,40,AC-39C,15.99713695,65.85558969,-7.0
430,AC-28,C,2022-03-12,45,AC-28C,15.90602943,66.12572896,-3.0
431,AC-32,C,2022-03-12,165,AC-32C,15.94437763,66.0264787,0.0
432,AC-30,C,2022-03-13,75,AC-30C,16.40948664,66.08242527,-5.0
433,AC-34,C,2022-03-13,75,AC-34C,16.38630033,66.02781699,
434,AC-35,C,2022-03-13,85,AC-35C,16.63015012,66.00485918,-8.4
435,AC-36,C,2022-03-13,150,AC-36C,16.83500371,66.00692786,-5.0
436,AC-21,C,2022-03-14,165,AC-21C,15.54403889,66.2931197,-1.0
437,AC-24,C,2022-03-14,195,AC-24C,15.78131809,66.18466847,-2.0
438,AC-25,C,2022-03-14,190,AC-25C,15.92966596,66.18915009,-2.0
439,AC-26,C,2022-03-14,70,AC-26C,16.12773116,66.17593417,-6.0
440,AC-29,C,2022-03-14,50,AC-29C,16.21388604,66.13022809,-8.4
441,AC-23,C,2022-03-15,75,AC-23C,15.40240613,66.19702191,-1.0
442,AC-38,C,2022-03-15,100,AC-38C,16.11606048,65.89957289,-17.0
443,AC-43,C,2022-03-15,160,AC-43C,15.2080681,66.09142172,-4.0
444,AC-46,C,2022-03-15,260,AC-46C,15.18055162,66.16762289,-3.0
445,AC-22,C,2022-03-16,240,AC-22C,15.74886754,66.27024759,-2.0
446,AC-42,C,2022-03-16,125,AC-42C,15.68504701,65.89042994,
447,AC-37,C,2022-04-15,30,AC-37C,15.89264784,65.90691896,-5.0
