X,TriangleCorner,date,snow_depth,temperature,time_difference,orbitProp,VH,VV,angle,time_difference_rnd,snow_depth_bins,VH/VV
2,AC-42C,2017-02-21,110,-5.0,4:48:00,ASCENDING,0.0062265982851386,0.0305624157190323,46.5223236083984,5.0,125,0.204
3,AC-42C,2017-02-21,110,-5.0,4:48:00,ASCENDING,0.0207541357409788,0.0980899940905517,46.4766499470401,5.0,125,0.212
6,AC-31A,2017-02-26,20,-8.0,9:24:00,DESCENDING,0.0130655925913067,0.0886402558373505,40.9213038035916,9.0,25,0.147
7,AC-31C,2017-02-26,65,-8.0,9:24:00,DESCENDING,0.0131136562386167,0.100520433956152,38.5499711276242,9.0,75,0.13
9,AC-38C,2017-02-26,75,-10.0,4:27:00,DESCENDING,0.0183829684965666,0.133154723743509,34.1227929989124,4.0,100,0.138
10,AC-38A,2017-02-26,50,-10.0,4:27:00,DESCENDING,0.0165821755295632,0.111631987241056,40.2161373784346,4.0,75,0.149
11,AC-31B,2017-02-26,60,-8.0,9:24:00,DESCENDING,0.0109811684669836,0.081820065836284,38.4972375850305,9.0,75,0.134
12,AC-37B,2017-02-26,70,-8.0,6:59:00,DESCENDING,0.0164468964046193,0.131320524455595,40.7693362860824,7.0,75,0.125
13,AC-37A,2017-02-26,45,-8.0,6:59:00,DESCENDING,0.0121483348064503,0.0775628721782353,39.4399885422149,7.0,50,0.157
14,AC-37C,2017-02-26,20,-8.0,6:59:00,DESCENDING,0.0146811713224516,0.0937090987318351,40.6230420705109,7.0,25,0.157
15,AC-33C,2017-03-04,40,-7.0,10:28:00,DESCENDING,0.0249807623259299,0.133250245650354,38.7324537027862,10.0,50,0.187
16,AC-41C,2017-03-04,125,-9.0,8:21:00,DESCENDING,0.0138773345445927,0.0774557332418061,35.9656014530823,8.0,150,0.179
17,AC-40C,2017-03-04,155,-9.0,6:43:00,DESCENDING,0.019988906191566,0.0974773165484813,37.2980935804635,7.0,175,0.205
18,AC-39C,2017-03-04,30,-15.0,5:06:00,DESCENDING,0.0226331964933991,0.133299916837481,34.6648052134424,5.0,50,0.17
20,AC-41B,2017-03-04,13,-9.0,8:21:00,DESCENDING,0.0165591145689179,0.0950159554730527,34.5928472291724,8.0,25,0.174
21,AC-39B,2017-03-04,70,-15.0,5:06:00,DESCENDING,0.0197652255428936,0.113281202654701,38.3709564242988,5.0,75,0.174
22,AC-40B,2017-03-04,75,-9.0,6:43:00,DESCENDING,0.019983422513949,0.10753750140385,33.5751165138091,7.0,100,0.186
23,AC-39A,2017-03-04,60,-15.0,5:06:00,DESCENDING,0.0166258912454154,0.113773167574386,33.4291320466476,5.0,75,0.146
24,AC-40A,2017-03-04,82,-9.0,6:43:00,DESCENDING,0.0180032574908901,0.100953289758864,37.4389758673587,7.0,100,0.178
25,AC-41A,2017-03-04,70,-9.0,8:21:00,DESCENDING,0.0134516910138631,0.0765218245379012,36.4075740521537,8.0,75,0.176
26,AC-33A,2017-03-04,35,-7.0,10:28:00,DESCENDING,0.0245949376061698,0.133345651340838,37.7431923062802,10.0,50,0.184
27,AC-30B,2017-03-06,130,-10.0,5:16:00,ASCENDING,0.0104126347624947,0.0691051054096102,45.3500531132029,5.0,150,0.151
29,AC-35A,2017-03-06,30,-10.0,2:44:00,ASCENDING,0.0101521122201085,0.0693857079334733,42.653230387311,3.0,50,0.146
30,AC-35A,2017-03-06,30,-10.0,8:34:00,DESCENDING,0.0116744133970455,0.0515291799996946,45.3017245752162,9.0,50,0.227
31,AC-34C,2017-03-06,45,-10.0,4:11:00,ASCENDING,0.0082010402113109,0.0638706496407215,41.3669291646959,4.0,50,0.128
33,AC-35C,2017-03-06,75,-10.0,2:44:00,ASCENDING,0.0101018868124465,0.0682591186420504,45.3640040979205,3.0,100,0.148
34,AC-35C,2017-03-06,75,-10.0,8:34:00,DESCENDING,0.0123258261906409,0.0564132378860588,43.442538970918,9.0,100,0.218
35,AC-34B,2017-03-06,125,-10.0,4:11:00,ASCENDING,0.008953098137529,0.0711135605604199,40.8837597925757,4.0,150,0.126
37,AC-30C,2017-03-06,35,-10.0,5:16:00,ASCENDING,0.0133424263155465,0.0839907727059406,42.0617583031887,5.0,50,0.159
39,AC-34A,2017-03-06,145,-10.0,4:11:00,ASCENDING,0.0082523143514472,0.0622188621219527,43.9219533277329,4.0,150,0.133
41,AC-30A,2017-03-06,82,-10.0,5:16:00,ASCENDING,0.0082316234335699,0.0627285706289738,42.4564278984125,5.0,100,0.131
43,AC-35B,2017-03-06,95,-10.0,2:44:00,ASCENDING,0.0090613611504922,0.0689080911628107,43.7656411819399,3.0,100,0.131
44,AC-35B,2017-03-06,95,-10.0,8:34:00,DESCENDING,0.0098614954710514,0.0438183575019597,44.7184831900773,9.0,100,0.225
49,AC-21A,2017-03-17,60,-5.0,2:23:00,ASCENDING,0.0153255292746232,0.0858001105934491,40.2379518631891,2.0,75,0.179
60,AC-24A,2017-03-31,50,-8.0,4:20:00,ASCENDING,0.0168711566921963,0.115382523597517,32.6046068974114,4.0,75,0.146
61,AC-25A,2017-03-31,55,-10.0,5:47:00,ASCENDING,0.0133411442069552,0.0944209934672742,36.4954697866775,6.0,75,0.141
62,AC-24C,2017-03-31,60,-8.0,4:20:00,ASCENDING,0.0152296680815841,0.103919434226611,35.1183003019399,4.0,75,0.147
63,AC-24B,2017-03-31,60,-8.0,4:20:00,ASCENDING,0.0124138341034403,0.101250835220192,33.5250539391769,4.0,75,0.123
64,AC-25C,2017-03-31,95,-10.0,5:47:00,ASCENDING,0.0163753364369527,0.11560832707365,33.8806799097453,6.0,100,0.142
65,AC-25B,2017-03-31,145,-10.0,5:47:00,ASCENDING,0.0157300836306006,0.0985584262339956,35.8329555473708,6.0,150,0.16
68,AC-28A,2017-04-14,20,,9:18:00,DESCENDING,0.0201042486750043,0.128075575786239,34.2781381318697,9.0,25,0.157
69,AC-37A,2017-04-16,70,-10.0,2:39:00,DESCENDING,0.0108391618425119,0.0634899547612098,44.9021692187393,3.0,75,0.171
73,AC-37C,2017-04-16,35,-10.0,2:39:00,DESCENDING,0.013467469245191,0.0750081157499061,46.0357167634616,3.0,50,0.18
74,AC-37B,2017-04-16,70,-10.0,2:39:00,DESCENDING,0.0187606783465826,0.111573931293467,46.1572598121032,3.0,75,0.168
75,AC-23B,2017-04-18,70,-10.0,5:32:00,ASCENDING,0.0214960828052046,0.138745448947937,33.3689039373844,6.0,75,0.155
77,AC-46B,2017-04-18,45,-5.0,3:44:00,ASCENDING,0.0184815950255919,0.128863922308723,32.491757558671,4.0,50,0.143
79,AC-43C,2017-04-18,95,-5.0,2:10:00,ASCENDING,0.0191043066049092,0.140992379641765,31.678258442661,2.0,100,0.135
80,AC-23C,2017-04-18,45,-10.0,5:32:00,ASCENDING,0.0210715122208496,0.138784154439756,33.9113128777427,6.0,50,0.152
81,AC-43A,2017-04-18,200,-5.0,2:10:00,ASCENDING,0.0154410856573898,0.113642792254142,36.2472847945924,2.0,225,0.136
82,AC-46C,2017-04-18,30,-5.0,3:44:00,ASCENDING,0.0179985981694607,0.118834755681872,38.152252201205,4.0,50,0.151
93,AC-34B,2018-03-23,115,-10.0,6:53:00,DESCENDING,0.0051736780369943,0.0394057768841194,36.4726364800662,7.0,125,0.131
95,AC-34C,2018-03-23,75,-10.0,6:53:00,DESCENDING,0.0060939138442255,0.0418364859065281,36.285002890406,7.0,100,0.146
97,AC-30C,2018-03-23,70,-10.0,8:31:00,DESCENDING,0.0053356473478068,0.0388696931294275,35.8555329409069,9.0,75,0.137
99,AC-36A,2018-03-23,125,-15.0,3:43:00,DESCENDING,0.012205422862751,0.0610443909763648,34.7761676811893,4.0,150,0.2
101,AC-35C,2018-03-23,110,-10.0,5:03:00,DESCENDING,0.0083910690690187,0.047458157629533,32.9559885229878,5.0,125,0.177
103,AC-36C,2018-03-23,150,-15.0,3:43:00,DESCENDING,0.0084117658585173,0.0483889929905872,33.0816795463027,4.0,175,0.174
105,AC-35B,2018-03-23,120,-10.0,5:03:00,DESCENDING,0.0056601818584587,0.038665768341425,34.2000429402384,5.0,125,0.146
107,AC-30B,2018-03-23,165,-10.0,8:31:00,DESCENDING,0.0082909019368668,0.0478769376161211,33.7823755687597,9.0,175,0.173
109,AC-36B,2018-03-23,110,-15.0,3:43:00,DESCENDING,0.0076749340114631,0.0453859910132857,33.8532495654752,4.0,125,0.169
110,AC-35A,2018-03-23,90,-10.0,5:03:00,DESCENDING,0.0097404892349038,0.0472940923368774,34.5800966369149,5.0,100,0.206
111,AC-35A,2018-03-23,90,-10.0,5:03:00,DESCENDING,0.0069072131804728,0.0399921761058277,34.8116436585128,5.0,100,0.173
113,AC-30A,2018-03-23,110,-10.0,8:31:00,DESCENDING,0.0055535077631675,0.0411999600985904,35.846263218324,9.0,125,0.135
115,AC-34A,2018-03-23,130,-10.0,6:53:00,DESCENDING,0.0051806417165607,0.0408410246803089,34.1636612395857,7.0,150,0.127
118,AC-28B,2018-03-28,55,-8.0,6:10:00,DESCENDING,0.0158358924741861,0.0849260838218008,33.6178453171769,6.0,75,0.186
121,AC-32C,2018-03-28,190,-5.0,10:00:00,DESCENDING,0.0208348874820208,0.136687304305916,27.925352424503,10.0,200,0.152
122,AC-32B,2018-03-28,250,-5.0,10:00:00,DESCENDING,0.0131914100302361,0.106674098108758,27.667868583292,10.0,,0.124
124,AC-28A,2018-03-28,140,-8.0,6:10:00,DESCENDING,0.0139907390574838,0.071163522563319,34.2775805964123,6.0,150,0.197
125,AC-32A,2018-03-28,155,-5.0,10:00:00,DESCENDING,0.0148701812558532,0.120940597386031,32.4200706475438,10.0,175,0.123
126,AC-33A,2018-03-28,135,-10.0,3:58:00,DESCENDING,0.0128586661149887,0.0834770093755378,31.6557114896283,4.0,150,0.154
127,AC-28C,2018-03-28,30,-8.0,6:10:00,DESCENDING,0.0200116342606235,0.134824644520337,34.6963151771578,6.0,50,0.148
129,AC-24B,2018-03-30,90,-5.0,9:41:00,DESCENDING,0.003567520086966,0.0216246060709341,43.6354489123768,10.0,100,0.165
130,AC-24B,2018-03-30,90,-5.0,9:41:00,DESCENDING,0.0061921389242398,0.0364322683123589,43.6354489123768,10.0,100,0.17
132,AC-24A,2018-03-30,90,-5.0,9:41:00,DESCENDING,0.0079175947337275,0.0442834241361228,45.0223000357989,10.0,100,0.179
134,AC-23B,2018-03-30,120,-8.0,6:29:00,ASCENDING,0.0096899084872983,0.0402778531566491,44.0447157782483,6.0,125,0.241
135,AC-23B,2018-03-30,120,-8.0,4:49:00,DESCENDING,0.0071007257660121,0.0383873789065652,43.8008536942476,5.0,125,0.185
136,AC-23B,2018-03-30,120,-8.0,4:49:00,DESCENDING,0.0053670687504669,0.0266429042560276,43.8008536942476,5.0,125,0.201
139,AC-21B,2018-03-30,80,-5.0,6:26:00,DESCENDING,0.0066984641352821,0.0594305838165324,44.892813545897,6.0,100,0.113
142,AC-22B,2018-03-30,60,-5.0,8:14:00,DESCENDING,0.0056313599593525,0.0382962296149309,44.9005420252678,8.0,75,0.147
143,AC-21C,2018-03-30,25,-5.0,4:52:00,ASCENDING,0.0101994217376107,0.0402179654671604,43.4498085899599,5.0,50,0.254
145,AC-21C,2018-03-30,25,-5.0,6:26:00,DESCENDING,0.0051007156848826,0.0362278781155505,44.5258377973794,6.0,50,0.141
146,AC-23C,2018-03-30,65,-8.0,6:29:00,ASCENDING,0.0093220544245916,0.0390829691648006,44.3800246522908,6.0,75,0.239
147,AC-23C,2018-03-30,65,-8.0,4:49:00,DESCENDING,0.0088015914395832,0.0467980966324287,44.7577496119344,5.0,75,0.188
151,AC-22C,2018-03-30,65,-5.0,8:14:00,DESCENDING,0.0048908969150941,0.036448323948472,43.6649230939792,8.0,75,0.134
153,AC-24C,2018-03-30,30,-5.0,9:41:00,DESCENDING,0.0073282582985053,0.0410554934932247,42.5572140752572,10.0,50,0.178
157,AC-22A,2018-03-30,80,-5.0,8:14:00,DESCENDING,0.0069558290224143,0.0422996682371667,43.9339868010716,8.0,100,0.164
158,AC-21A,2018-03-30,85,-5.0,4:52:00,ASCENDING,0.008291609304162,0.0377473362123877,40.231432828386,5.0,100,0.22
160,AC-21A,2018-03-30,85,-5.0,6:26:00,DESCENDING,0.005450079093577,0.0380053666291193,48.1222098661109,6.0,100,0.143
161,AC-23A,2018-03-30,75,-8.0,6:29:00,ASCENDING,0.0108537433615109,0.0450688576311892,43.2378775853771,6.0,100,0.241
162,AC-23A,2018-03-30,75,-8.0,4:49:00,DESCENDING,0.0095638444018292,0.0478778771805926,45.2526688837242,5.0,100,0.2
163,AC-23A,2018-03-30,75,-8.0,4:49:00,DESCENDING,0.0065306238292849,0.0356876817888811,45.0031794871334,5.0,100,0.183
164,AC-43C,2018-03-31,80,-10.0,5:38:00,ASCENDING,0.0064915321398346,0.0461030222325311,37.3879988998294,6.0,100,0.141
165,AC-43A,2018-03-31,100,-10.0,5:38:00,ASCENDING,0.005508335159846,0.0407646442830451,41.7932560077455,6.0,125,0.135
166,AC-46C,2018-03-31,90,-10.0,3:58:00,ASCENDING,0.0066956271998908,0.0543219665426341,43.7004427562661,4.0,100,0.123
167,AC-46B,2018-03-31,110,-10.0,3:58:00,ASCENDING,0.0063217202443874,0.0449123274837717,38.0374716060362,4.0,125,0.141
168,AC-43B,2018-03-31,40,-10.0,5:38:00,ASCENDING,0.0111652890577996,0.0733863848134233,38.7450800149543,6.0,50,0.152
169,AC-46A,2018-03-31,110,-10.0,3:58:00,ASCENDING,0.0073794804128018,0.0476035128855052,43.4648470787627,4.0,125,0.155
174,AC-29C,2018-04-02,85,-5.0,2:02:00,ASCENDING,0.0056957746808878,0.0688401852014264,28.0229156784816,2.0,100,0.083
177,AC-26C,2018-04-02,50,-5.0,0:29:00,ASCENDING,0.0085988091304898,0.0999397709965706,24.3976230621338,0.0,75,0.086
178,AC-29B,2018-04-02,90,-5.0,2:02:00,ASCENDING,0.0097691979735634,0.102216129865057,28.01614955592,2.0,100,0.096
180,AC-31A,2019-03-05,50,-15.0,7:24:00,DESCENDING,0.0111917679772915,0.0905181575729692,34.955455905452,7.0,75,0.124
186,AC-37A,2019-03-05,30,-17.0,5:24:00,DESCENDING,0.0111689776075545,0.0879641000018918,33.3555330222929,5.0,50,0.127
192,AC-31C,2019-03-05,50,-15.0,7:24:00,DESCENDING,0.0110017902325734,0.105018942889698,32.603385007566,7.0,75,0.105
196,AC-37C,2019-03-05,45,-17.0,5:24:00,DESCENDING,0.0115054473648537,0.100548788421648,34.5799604261808,5.0,50,0.114
198,AC-31B,2019-03-05,50,-15.0,7:24:00,DESCENDING,0.0098927874569737,0.0901267800746773,32.553926966721,7.0,75,0.11
200,AC-37B,2019-03-05,40,-17.0,5:24:00,DESCENDING,0.0143537099710435,0.134951431190775,33.9058116819687,5.0,50,0.106
205,AC-32B,2019-03-11,58,-15.0,3:38:00,DESCENDING,0.0141237310005697,0.144015781370377,27.6688008718642,4.0,75,0.098
209,AC-42A,2019-03-11,30,-10.0,9:00:00,DESCENDING,0.0151249444751873,0.115978533223261,30.537648394369,9.0,50,0.13
211,AC-32A,2019-03-11,65,-15.0,3:38:00,DESCENDING,0.0139651108726123,0.13542380904721,32.4208925735862,4.0,75,0.103
212,AC-35A,2019-03-15,90,-10.0,4:52:00,ASCENDING,0.0111538730844145,0.0806259185110736,37.3022505866334,5.0,100,0.138
213,AC-36A,2019-03-15,130,-10.0,3:20:00,ASCENDING,0.0201511234216477,0.11797127869848,36.8777596052955,3.0,150,0.171
214,AC-36C,2019-03-15,90,-10.0,3:20:00,ASCENDING,0.0086092938738426,0.0602704812347231,39.5571823407318,3.0,100,0.143
215,AC-35C,2019-03-15,80,-10.0,4:52:00,ASCENDING,0.0110562547218072,0.0765973654209974,40.1017667088041,5.0,100,0.144
216,AC-36B,2019-03-15,65,-10.0,3:20:00,ASCENDING,0.0076300267712168,0.0525123978062988,39.0159505672016,3.0,75,0.145
217,AC-35B,2019-03-15,135,-10.0,4:52:00,ASCENDING,0.0080572897487089,0.0600627343322191,38.4650763365857,5.0,150,0.134
218,AC-34B,2019-03-16,150,-4.0,6:32:00,ASCENDING,0.0080849384903652,0.0907793735644515,29.5038301179027,7.0,175,0.089
219,AC-34A,2019-03-16,165,-4.0,6:32:00,ASCENDING,0.0075942451159081,0.0897838234681884,32.5579440760774,7.0,175,0.085
220,AC-34C,2019-03-16,30,-4.0,6:32:00,ASCENDING,0.0081826700355293,0.0912650768680089,29.9987339024056,7.0,50,0.09
221,AC-24C,2019-03-26,55,-8.0,2:10:00,ASCENDING,0.013174284506169,0.0782277312510459,40.6375977681981,2.0,75,0.168
222,AC-26B,2019-03-26,75,-10.0,5:00:00,ASCENDING,0.0086922443768561,0.0694413727527927,42.3059260654245,5.0,100,0.125
223,AC-25B,2019-03-26,45,-10.0,3:23:00,ASCENDING,0.0086322480107588,0.0650368670817904,41.3657214353513,3.0,50,0.133
224,AC-29C,2019-03-26,250,-10.0,6:30:00,ASCENDING,0.0063198497639284,0.0533934157332449,39.5619277571848,6.0,,0.118
225,AC-24B,2019-03-26,30,-8.0,2:10:00,ASCENDING,0.0086807090729229,0.0613957655560828,39.0891832513781,2.0,50,0.141
226,AC-29B,2019-03-26,75,-10.0,6:30:00,ASCENDING,0.0076969844113094,0.0611940482123781,39.7759633125919,6.0,100,0.126
227,AC-25C,2019-03-26,75,-10.0,3:23:00,ASCENDING,0.0166944003614584,0.102325548197837,39.3866087672069,3.0,100,0.163
228,AC-26C,2019-03-26,30,-10.0,5:00:00,ASCENDING,0.0073980809947254,0.0657428245057968,36.5051404973794,5.0,50,0.113
229,AC-25A,2019-03-26,90,-10.0,3:23:00,ASCENDING,0.0087985858953476,0.0620430181982151,41.9192927954405,3.0,100,0.142
230,AC-24A,2019-03-26,80,-8.0,2:10:00,ASCENDING,0.0138941868529957,0.0853610349493906,38.1472329303769,2.0,100,0.163
231,AC-29A,2019-03-26,100,-10.0,6:30:00,ASCENDING,0.0182533474320031,0.123248489588713,33.598844793352,6.0,125,0.148
232,AC-26A,2019-03-26,110,-10.0,5:00:00,ASCENDING,0.0128296541524506,0.0953506691191489,40.2688648811426,5.0,125,0.135
233,AC-46A,2019-04-05,65,-5.0,5:02:00,DESCENDING,0.0154773826089131,0.127210997562235,34.1370666098149,5.0,75,0.122
234,AC-46C,2019-04-05,10,-5.0,5:02:00,DESCENDING,0.013864139055401,0.119278930943616,36.6496086950806,5.0,25,0.116
235,AC-46B,2019-04-05,125,-5.0,5:02:00,DESCENDING,0.0148168083883014,0.122326479891642,41.2283753688003,5.0,150,0.121
236,AC-23B,2019-04-08,185,-10.0,4:30:00,ASCENDING,0.0154941280262085,0.11446285188282,33.3603960614494,4.0,200,0.135
237,AC-21B,2019-04-08,170,-8.0,2:42:00,ASCENDING,0.0129342512635414,0.128205418270422,33.1769384222759,3.0,175,0.101
238,AC-22B,2019-04-08,160,,0:10:00,ASCENDING,0.0099383626850196,0.0933481603242691,33.158130156647,0.0,175,0.106
239,AC-22A,2019-04-08,70,,0:10:00,ASCENDING,0.015057654071867,0.122680071313079,34.3628672371169,0.0,75,0.123
240,AC-21A,2019-04-08,85,-8.0,2:42:00,ASCENDING,0.0125024847248019,0.134283917485915,29.7285870977937,3.0,100,0.093
241,AC-21C,2019-04-08,130,-8.0,2:42:00,ASCENDING,0.0149680408728543,0.121740119490672,32.6511675720698,3.0,150,0.123
242,AC-22C,2019-04-08,170,,0:10:00,ASCENDING,0.0095737479315085,0.0780011132088585,34.5929452382772,0.0,175,0.123
243,AC-23A,2019-04-08,110,-10.0,4:30:00,ASCENDING,0.0194505119850359,0.144974291477287,32.6348330829908,4.0,125,0.134
244,AC-23C,2019-04-08,60,-10.0,4:30:00,ASCENDING,0.0164423226709184,0.124165642577811,33.9026731501604,4.0,75,0.132
248,AC-41A,2020-03-19,125,-5.0,0:54:00,DESCENDING,0.0100357828614649,0.0568009445184266,41.9337991164652,1.0,150,0.177
249,AC-40A,2020-03-19,170,-5.0,2:10:00,DESCENDING,0.0115576060576918,0.06971302081385,43.0188435564708,2.0,175,0.166
250,AC-41C,2020-03-19,220,-5.0,0:54:00,DESCENDING,0.0102913550336101,0.0618004064196264,41.5917568926511,1.0,225,0.167
251,AC-41B,2020-03-19,210,-5.0,0:54:00,DESCENDING,0.0146322767670093,0.0900816961521128,40.0874798164789,1.0,225,0.162
252,AC-40B,2020-03-19,125,-5.0,2:10:00,DESCENDING,0.0158460362798256,0.0817834458527465,38.9350427976209,2.0,150,0.194
254,AC-37C,2020-04-05,55,-15.0,0:50:00,DESCENDING,0.0124968125616651,0.0734057719627274,40.6263325734192,1.0,75,0.17
255,AC-38C,2020-04-05,150,-10.0,2:07:00,DESCENDING,0.016936280783329,0.0943578707309146,34.1260549889632,2.0,175,0.179
256,AC-37A,2020-04-05,160,-15.0,0:50:00,DESCENDING,0.0113420061726385,0.0684511433002774,39.4432737118713,1.0,175,0.166
257,AC-38A,2020-04-05,160,-10.0,2:07:00,DESCENDING,0.0113955733450105,0.0667777824453471,40.2194060236348,2.0,175,0.171
258,AC-38B,2020-04-05,130,-10.0,2:07:00,DESCENDING,0.0246873609956947,0.124772925684484,34.5155401595598,2.0,150,0.198
259,AC-37B,2020-04-05,120,-15.0,0:50:00,DESCENDING,0.0170883668959677,0.106791736440163,40.7726252880599,1.0,125,0.16
260,AC-36A,2020-04-21,125,-2.0,9:38:00,ASCENDING,0.0065527045562714,0.0473132973421956,30.9391006608812,10.0,150,0.138
261,AC-36B,2020-04-21,90,-2.0,9:38:00,ASCENDING,0.0045649054276535,0.0456756994321796,33.1636228310186,10.0,100,0.1
262,AC-36C,2020-04-21,130,-2.0,9:38:00,ASCENDING,0.0046419546528754,0.0453286445022526,33.7025486725346,10.0,150,0.102
264,AC-22A,2020-04-28,190,-1.0,4:43:00,DESCENDING,0.0108537463063688,0.0938868862620988,32.8422636387735,5.0,200,0.116
265,AC-23A,2020-04-28,80,-3.0,1:10:00,DESCENDING,0.011544618622705,0.09773795966903,34.2681155236474,1.0,100,0.118
266,AC-21C,2020-04-28,165,-3.0,2:36:00,DESCENDING,0.0101172700822517,0.0857206149641687,33.3672414574568,3.0,175,0.118
268,AC-23C,2020-04-28,95,-3.0,1:10:00,DESCENDING,0.0138374656073699,0.121844206060537,33.8651048900555,1.0,100,0.114
269,AC-31C,2020-04-28,90,-10.0,8:57:00,DESCENDING,0.0113904354447607,0.105910007214244,32.6149796125758,9.0,100,0.108
270,AC-21A,2020-04-28,200,-3.0,2:36:00,DESCENDING,0.0122510264631147,0.0847556274402787,37.0661216875304,3.0,225,0.145
271,AC-31A,2020-04-28,150,-10.0,8:57:00,DESCENDING,0.0117122658848768,0.0975869592545167,34.9670067479453,9.0,175,0.12
273,AC-23B,2020-04-28,125,-3.0,1:10:00,DESCENDING,0.0128596987923598,0.105391658947143,32.6654684663915,1.0,150,0.122
275,AC-21B,2020-04-28,195,-3.0,2:36:00,DESCENDING,0.0073942267375297,0.076215270884466,33.8307932694521,3.0,200,0.097
276,AC-31B,2020-04-28,135,-10.0,8:57:00,DESCENDING,0.0116036028138513,0.0993656391256372,32.5655000226194,9.0,150,0.117
279,AC-26C,2020-04-29,130,-3.0,3:48:00,DESCENDING,0.0108162157381418,0.0704724303122601,41.0160676855334,4.0,150,0.153
281,AC-30A,2020-04-29,130,-5.0,0:51:00,DESCENDING,0.0072206661422969,0.0571201983574442,35.8442511806444,1.0,150,0.126
283,AC-26A,2020-04-29,150,-3.0,3:48:00,DESCENDING,0.0105891629646317,0.0730365256894668,37.1571656039001,4.0,175,0.145
285,AC-24A,2020-04-29,140,-2.0,6:48:00,DESCENDING,0.0121287651946901,0.0765951298257767,39.7076973997796,7.0,150,0.158
286,AC-29A,2020-04-29,95,-5.0,2:19:00,DESCENDING,0.0152417054789892,0.0759689407139091,43.9134771532787,2.0,100,0.201
289,AC-25A,2020-04-29,180,-3.0,5:40:00,DESCENDING,0.0112624510812952,0.08339951449661,37.0318392610688,6.0,200,0.135
291,AC-34A,2020-04-29,210,-5.0,0:13:00,DESCENDING,0.0068560982453127,0.0559226823076355,34.1616433802408,0.0,225,0.123
293,AC-34B,2020-04-29,195,-5.0,0:13:00,DESCENDING,0.0061518426725018,0.0488140852738429,36.4706067323578,0.0,200,0.126
295,AC-30B,2020-04-29,90,-5.0,0:51:00,DESCENDING,0.0113123321124284,0.0881285688808356,33.7803823282354,1.0,100,0.128
297,AC-24C,2020-04-29,150,-2.0,6:48:00,DESCENDING,0.0109554604918595,0.0717873341575723,37.231103865404,7.0,175,0.153
299,AC-25C,2020-04-29,210,-3.0,5:40:00,DESCENDING,0.0104843222401784,0.0694460998311448,38.0104271815258,6.0,225,0.151
303,AC-30C,2020-04-29,90,-5.0,0:51:00,DESCENDING,0.0072997568620546,0.0496544949882695,35.8535073366588,1.0,100,0.147
305,AC-34C,2020-04-29,70,-5.0,0:13:00,DESCENDING,0.0083265518705476,0.0616622256035144,36.2829688773118,0.0,75,0.135
307,AC-29B,2020-04-29,160,-5.0,2:19:00,DESCENDING,0.0096353891023512,0.0651862224225663,38.1800433755493,2.0,175,0.148
309,AC-25B,2020-04-29,50,-3.0,5:40:00,DESCENDING,0.0101841212853523,0.0809241117492395,35.6380524987636,6.0,75,0.126
311,AC-26B,2020-04-29,85,-3.0,3:48:00,DESCENDING,0.0136022691097705,0.0916119130664417,36.6794181045703,4.0,100,0.148
313,AC-24B,2020-04-29,90,-2.0,6:48:00,DESCENDING,0.0103596389170717,0.0645377792357798,38.2775476497618,7.0,100,0.161
317,AC-33C,2021-03-10,75,-20.0,9:07:00,ASCENDING,0.0153924116864964,0.100313688956724,33.5238717035955,9.0,100,0.153
319,AC-33B,2021-03-10,90,-20.0,9:07:00,ASCENDING,0.0162221153825327,0.0879871470764801,45.8602997025968,9.0,100,0.184
320,AC-33A,2021-03-10,50,-20.0,9:07:00,ASCENDING,0.0162080033923704,0.103694731843499,34.329554911263,9.0,75,0.156
322,AC-41B,2021-03-15,140,-10.0,9:36:00,ASCENDING,0.0064346044278498,0.0445984852019789,43.7863172082281,10.0,150,0.144
324,AC-41C,2021-03-15,100,-10.0,9:36:00,ASCENDING,0.0089670408728864,0.0535281899792964,40.8376055651255,10.0,125,0.168
326,AC-41A,2021-03-15,90,-10.0,9:36:00,ASCENDING,0.0058185668417424,0.0421630256139065,41.4828262878335,10.0,100,0.138
327,AC-42C,2021-03-16,90,-10.0,7:08:00,ASCENDING,0.017830175224,0.0877327048282933,35.5213792628697,7.0,100,0.203
328,AC-31C,2021-03-16,150,-5.0,2:25:00,ASCENDING,0.0109528809516681,0.066303810405822,34.1504834450536,2.0,175,0.165
329,AC-31B,2021-03-16,80,-5.0,2:25:00,ASCENDING,0.0094323246190522,0.0619675648973678,33.9479048325254,2.0,100,0.152
330,AC-42A,2021-03-16,50,-10.0,7:08:00,ASCENDING,0.0145459629729838,0.0641474698543622,35.2047299862793,7.0,75,0.227
331,AC-42B,2021-03-16,85,-10.0,7:08:00,ASCENDING,0.0189518678811831,0.086281999806712,32.7601947069496,7.0,100,0.22
332,AC-31A,2021-03-16,140,-5.0,2:25:00,ASCENDING,0.0130574703332124,0.0642902906916266,31.3220583596261,2.0,150,0.203
334,AC-37C,2021-03-18,25,-10.0,4:29:00,DESCENDING,0.0100292595423107,0.0667223756971768,34.5926376142053,4.0,50,0.15
342,AC-37B,2021-03-18,30,-10.0,4:29:00,DESCENDING,0.0134974840888545,0.0897981756546006,34.7635973269671,4.0,50,0.15
352,AC-37A,2021-03-18,70,-10.0,4:29:00,DESCENDING,0.009307031556876,0.0585704292624412,33.3681625624999,4.0,75,0.159
357,AC-35B,2021-03-26,100,-8.0,1:01:00,DESCENDING,0.0051036493057118,0.0362685337738474,39.7543481812744,1.0,125,0.141
359,AC-36B,2021-03-26,80,-8.0,2:11:00,DESCENDING,0.0055202492885729,0.0346237860407889,39.4557712001295,2.0,100,0.159
361,AC-35C,2021-03-26,90,-8.0,1:01:00,DESCENDING,0.0067047692199135,0.0396159446144814,38.4944765255197,1.0,100,0.169
363,AC-36A,2021-03-26,110,-8.0,2:11:00,DESCENDING,0.0127016612115222,0.0590851794431322,40.4731640176488,2.0,125,0.215
365,AC-30A,2021-03-26,100,-6.0,4:51:00,DESCENDING,0.0049573035639689,0.0342276778249674,41.3099446974802,5.0,125,0.145
367,AC-34A,2021-03-26,120,-6.0,3:40:00,DESCENDING,0.0048645186996955,0.0334734944671214,39.6401234679735,4.0,125,0.145
369,AC-34B,2021-03-26,210,-6.0,3:40:00,DESCENDING,0.004310264942696,0.0332409134118767,42.0421119028425,4.0,225,0.13
371,AC-30B,2021-03-26,180,-6.0,4:51:00,DESCENDING,0.0053460981410714,0.0394017197731476,39.1562594932493,5.0,200,0.136
373,AC-35A,2021-03-26,75,-8.0,1:01:00,DESCENDING,0.0067592434935245,0.0364306433989184,40.2779459736117,1.0,100,0.186
375,AC-36C,2021-03-26,125,-8.0,2:11:00,DESCENDING,0.0068074340168843,0.0384946249157843,38.720589374933,2.0,150,0.177
377,AC-30C,2021-03-26,50,-6.0,4:51:00,DESCENDING,0.0046727415804827,0.037782353697043,41.3748881216825,5.0,75,0.124
379,AC-34C,2021-03-26,30,-6.0,3:40:00,DESCENDING,0.0057002303344287,0.0361540973647335,41.8287473693474,4.0,50,0.158
381,AC-29C,2021-03-28,90,-5.0,10:10:00,ASCENDING,0.0053622045602688,0.0489766314845249,34.0900347640953,10.0,100,0.109
382,AC-28A,2021-03-28,110,-5.0,7:25:00,ASCENDING,0.0124798016739697,0.0671730674464274,35.6827932208421,7.0,125,0.186
383,AC-28C,2021-03-28,30,-5.0,7:25:00,ASCENDING,0.0170182293023639,0.0942189646604119,32.0027604423928,7.0,50,0.181
384,AC-29B,2021-03-28,85,-5.0,10:10:00,ASCENDING,0.0072331476896523,0.0522670885941478,34.3637910090974,10.0,100,0.138
385,AC-28B,2021-03-28,40,-5.0,7:25:00,ASCENDING,0.0146805192823615,0.064830004235867,38.6929045338813,7.0,50,0.226
386,AC-29A,2021-03-28,90,-5.0,10:10:00,ASCENDING,0.0151500012733294,0.0884901002326128,28.179073612736,10.0,100,0.171
387,AC-22C,2021-04-12,140,-5.0,4:48:00,DESCENDING,0.006339322747881,0.0473936584505839,38.3919841817905,5.0,150,0.134
388,AC-26C,2021-04-12,75,-11.0,0:27:00,DESCENDING,0.0098125510342372,0.0519622351722879,41.0089350897094,0.0,100,0.189
389,AC-21B,2021-04-12,100,-5.0,6:00:00,DESCENDING,0.0099142400466506,0.0862950278263504,39.6623679593592,6.0,125,0.115
390,AC-25B,2021-04-12,145,,1:38:00,DESCENDING,0.0098970660908693,0.0771774992923562,35.6311287465076,2.0,150,0.128
391,AC-23A,2021-04-12,100,-5.0,8:14:00,DESCENDING,0.012920426847687,0.0704847241973165,40.0636853047366,8.0,125,0.183
392,AC-21A,2021-04-12,60,-5.0,6:00:00,DESCENDING,0.0075606881915693,0.0542382973001843,42.8931661942634,6.0,75,0.139
393,AC-22B,2021-04-12,185,-5.0,4:48:00,DESCENDING,0.0072538104719583,0.0471169365127855,39.6268028983876,5.0,200,0.154
394,AC-23B,2021-04-12,145,-5.0,8:14:00,DESCENDING,0.0093867283926238,0.0517300091312443,38.5319163262792,8.0,150,0.181
395,AC-26B,2021-04-12,90,-11.0,0:27:00,DESCENDING,0.0114322810230264,0.0699876129055506,36.6722825824323,0.0,100,0.163
396,AC-24C,2021-04-12,35,-10.0,3:18:00,DESCENDING,0.0079934039210318,0.051892079022863,37.2241739379657,3.0,50,0.154
397,AC-24A,2021-04-12,90,-10.0,3:18:00,DESCENDING,0.0085737480649293,0.0489841303918103,39.7007641340293,3.0,100,0.175
398,AC-21C,2021-04-12,90,-5.0,6:00:00,DESCENDING,0.0068342473179441,0.0466387327838868,39.2398578032567,6.0,100,0.147
399,AC-22A,2021-04-12,140,-5.0,4:48:00,DESCENDING,0.0080886103111179,0.0486046213550917,38.6920562715262,5.0,150,0.166
400,AC-25A,2021-04-12,115,,1:38:00,DESCENDING,0.0090202318406718,0.0654704526457227,37.024800421283,2.0,125,0.138
401,AC-26A,2021-04-12,120,-11.0,0:27:00,DESCENDING,0.0080085832564041,0.0513694461833166,37.1500713723183,0.0,125,0.156
402,AC-24B,2021-04-12,85,-10.0,3:18:00,DESCENDING,0.0083018717340271,0.0453948299127315,38.2706231436482,3.0,100,0.183
403,AC-25C,2021-04-12,150,,1:38:00,DESCENDING,0.0084986852029564,0.0563375106075172,38.0034449553823,2.0,175,0.151
404,AC-23C,2021-04-12,45,-5.0,8:14:00,DESCENDING,0.0140749935682818,0.07389094028659,39.6165846467341,8.0,50,0.19
405,AC-46A,2021-04-17,45,-6.0,2:12:00,DESCENDING,0.013089677107105,0.104973058648257,28.3528010820442,2.0,50,0.125
406,AC-46C,2021-04-17,80,-6.0,2:12:00,DESCENDING,0.0113067158362302,0.0920139720707512,31.135955203172,2.0,100,0.123
407,AC-43C,2021-04-17,100,-8.0,0:19:00,DESCENDING,0.0074945042362585,0.0649464282496778,34.541559926615,0.0,125,0.115
408,AC-46B,2021-04-17,90,-6.0,2:12:00,DESCENDING,0.0114381905327739,0.0806820953008964,35.5212379668212,2.0,100,0.142
409,AC-43A,2021-04-17,170,-8.0,0:19:00,DESCENDING,0.0103741632465449,0.0766557496818785,32.5143971376087,0.0,175,0.135
410,AC-43B,2021-04-17,95,-8.0,0:19:00,DESCENDING,0.0168935868052676,0.105977898984324,35.1972723936163,0.0,100,0.159
412,AC-32B,2021-05-03,130,-8.0,11:31:00,ASCENDING,0.0131877739222455,0.0828437208975007,41.0016469332389,12.0,150,0.159
414,AC-32A,2021-05-03,145,-8.0,11:31:00,ASCENDING,0.0144413203252632,0.110431813773038,34.087806446868,12.0,150,0.131
415,AC-27C,2021-05-03,240,-8.0,10:17:00,ASCENDING,0.0173925050534402,0.126070274112935,36.6031983555315,10.0,250,0.138
417,AC-31A,2022-03-04,180,-11.5,8:10:00,ASCENDING,0.0122519554673659,0.072743700451463,36.9184785486978,8.0,200,0.168
418,AC-31B,2022-03-04,110,-11.5,8:10:00,ASCENDING,0.0095067411798055,0.0647449030890839,39.5314682356525,8.0,125,0.147
419,AC-31C,2022-03-04,70,-11.5,8:10:00,ASCENDING,0.0118407884460868,0.0733083057307812,39.7025464131339,8.0,75,0.162
420,AC-39C,2022-03-09,40,-7.0,4:06:00,DESCENDING,0.013591271877034,0.0792092577307844,40.1079222439783,4.0,50,0.172
421,AC-39A,2022-03-09,70,-7.0,4:06:00,DESCENDING,0.0088571833334893,0.0647657002740536,38.7977906443794,4.0,75,0.137
422,AC-39B,2022-03-09,135,-7.0,4:06:00,DESCENDING,0.0097484478216602,0.0583284317079336,43.930705221276,4.0,150,0.167
424,AC-21B,2022-03-14,145,-1.0,9:55:00,DESCENDING,0.0060841999910297,0.0735831524829751,39.6643614088335,10.0,150,0.083
426,AC-25C,2022-03-14,190,-2.0,5:19:00,DESCENDING,0.009463873124132,0.0647919872765393,38.0054838456775,5.0,200,0.146
428,AC-25B,2022-03-14,145,-2.0,5:19:00,DESCENDING,0.0102273932933426,0.0855980120680384,35.6331349189777,5.0,150,0.119
430,AC-29B,2022-03-14,130,-8.4,2:05:00,DESCENDING,0.0077428057262983,0.0518892958089603,38.1749981948105,2.0,150,0.149
432,AC-21C,2022-03-14,165,-1.0,9:55:00,DESCENDING,0.0067546153652515,0.054688435796318,39.2418151310369,10.0,175,0.124
434,AC-24C,2022-03-14,195,-2.0,7:01:00,DESCENDING,0.0088530251029782,0.0614377273297259,37.2261969278505,7.0,200,0.144
436,AC-24B,2022-03-14,85,-2.0,7:01:00,DESCENDING,0.0072183625673428,0.0525823343001395,38.2726359002701,7.0,100,0.137
438,AC-26B,2022-03-14,70,-6.0,3:38:00,DESCENDING,0.0119628474819977,0.0707535016291341,36.6744121546884,4.0,75,0.169
439,AC-29C,2022-03-14,50,-8.4,2:04:00,DESCENDING,0.0072008289531275,0.0475249322833179,36.0885219404419,2.0,75,0.152
440,AC-29C,2022-03-14,50,-8.4,2:05:00,DESCENDING,0.0067259321184561,0.0518525886815165,37.3778856725422,2.0,75,0.13
442,AC-21A,2022-03-14,155,-1.0,9:55:00,DESCENDING,0.0063731693188621,0.0594706041916935,42.8951353980478,10.0,175,0.107
444,AC-24A,2022-03-14,130,-2.0,7:01:00,DESCENDING,0.0104291427674319,0.0636801786920004,39.7027876355857,7.0,150,0.164
446,AC-25A,2022-03-14,100,-2.0,5:19:00,DESCENDING,0.0095416986982378,0.0742838831110434,37.0268892132528,5.0,125,0.128
448,AC-26A,2022-03-14,135,-6.0,3:38:00,DESCENDING,0.0091889561018773,0.0626269079484606,37.1521610627309,4.0,150,0.147
449,AC-29A,2022-03-14,180,-8.4,2:04:00,DESCENDING,0.0172905738303908,0.0787767959207878,43.9084364337108,2.0,200,0.219
452,AC-26C,2022-03-14,70,-6.0,3:38:00,DESCENDING,0.0085177212818317,0.0597028977978959,41.0110383301463,4.0,75,0.143
453,AC-42C,2022-03-16,125,,5:43:00,ASCENDING,0.0225298248480779,0.0998543740887502,41.1885250744373,6.0,150,0.226
454,AC-22C,2022-03-16,240,-2.0,2:22:00,ASCENDING,0.0066877972165643,0.0497810690646797,40.061936791792,2.0,250,0.134
456,AC-22A,2022-03-16,195,-2.0,2:22:00,ASCENDING,0.0107577707251201,0.0638532056976045,39.8512833426867,2.0,200,0.168
457,AC-42A,2022-03-16,60,,5:43:00,ASCENDING,0.0148895633530065,0.0718698542356425,40.8211586559815,6.0,75,0.207
458,AC-22B,2022-03-16,190,-2.0,2:22:00,ASCENDING,0.0069965918612144,0.0519169476596492,38.6470840756634,2.0,200,0.135
459,AC-42A,2023-03-06,45,-20.0,5:56:00,ASCENDING,0.0146735282031592,0.0909495767261752,35.2021267477973,6.0,50,0.161
460,AC-37B,2023-03-06,45,-15.0,3:48:00,ASCENDING,0.0103822583371465,0.0764637605951721,32.6379531992475,4.0,50,0.136
461,AC-38B,2023-03-06,70,-5.0,2:08:00,ASCENDING,0.0116217848968287,0.0771301445967178,40.2712174638769,2.0,75,0.151
462,AC-42B,2023-03-06,65,-20.0,5:56:00,ASCENDING,0.0182004980652719,0.110774446564351,32.7575608508285,6.0,75,0.164
463,AC-37A,2023-03-06,80,-15.0,3:48:00,ASCENDING,0.0101960045305008,0.0709311487834361,32.2592061395555,4.0,100,0.144
464,AC-38A,2023-03-06,55,-5.0,2:08:00,ASCENDING,0.0093163505291373,0.0858443984362397,30.98052639755,2.0,75,0.109
465,AC-38C,2023-03-06,85,-5.0,2:08:00,ASCENDING,0.0088475504956349,0.07156152498771,39.8056183231294,2.0,100,0.124
466,AC-42C,2023-03-06,50,-20.0,5:56:00,ASCENDING,0.0173290931327432,0.102924361578967,35.5187773725214,6.0,75,0.168
467,AC-37C,2023-03-06,25,-15.0,3:48:00,ASCENDING,0.0107554404109342,0.0797338812759026,32.2062818361243,4.0,50,0.135
468,AC-27C,2023-03-11,230,-10.0,4:01:00,ASCENDING,0.0149829528846588,0.0991444226507824,42.1769113667621,4.0,250,0.151
469,AC-33A,2023-03-11,80,-20.0,6:41:00,ASCENDING,0.016187897017541,0.0986659380697529,39.8169098610746,7.0,100,0.164
470,AC-32C,2023-03-11,260,-10.0,5:19:00,ASCENDING,0.0245751071706488,0.115430381950918,42.9657028140658,5.0,,0.213
471,AC-33C,2023-03-11,40,-20.0,6:41:00,ASCENDING,0.0150568455392081,0.0912113256778205,38.9815930090047,7.0,50,0.165
472,AC-32A,2023-03-11,120,-10.0,5:19:00,ASCENDING,0.0119647122979154,0.0815914320071235,39.5881753502751,5.0,125,0.147
473,AC-27A,2023-03-11,140,-10.0,4:01:00,ASCENDING,0.0209243845026506,0.121357833882054,42.0383177291458,4.0,150,0.172
474,AC-33B,2023-03-11,25,-20.0,6:41:00,ASCENDING,0.015802787106665,0.0920660513446641,51.2691660755841,7.0,50,0.172
475,AC-32B,2023-03-11,110,-10.0,5:19:00,ASCENDING,0.0107901614270309,0.0723265831277701,46.38776904943,5.0,125,0.149
477,AC-26B,2023-03-25,40,-10.0,1:28:00,ASCENDING,0.0080409962683916,0.0843102112412453,29.529167175293,1.0,50,0.095
478,AC-29C,2023-03-25,145,-8.0,2:33:00,ASCENDING,0.0066735838447672,0.0764001398061628,28.0271729164767,3.0,150,0.087
479,AC-34B,2023-03-25,70,-12.0,4:45:00,ASCENDING,0.0060953968166032,0.0691522879076291,29.5056482142865,5.0,75,0.088
480,AC-34C,2023-03-25,60,-12.0,4:45:00,ASCENDING,0.0075187825403052,0.0708642825626206,30.0005420239925,5.0,75,0.106
481,AC-30B,2023-03-25,85,-10.0,3:43:00,ASCENDING,0.0079377458357432,0.0764618548983638,34.1579683250654,4.0,100,0.104
483,AC-34A,2023-03-25,80,-12.0,4:45:00,ASCENDING,0.0069714372549837,0.0667683415947858,32.5597470702767,5.0,100,0.104
484,AC-29B,2023-03-25,75,-8.0,2:33:00,ASCENDING,0.0087030417646434,0.0897336560897863,28.3442428267142,3.0,100,0.097
485,AC-26C,2023-03-25,45,-10.0,1:28:00,ASCENDING,0.0101484243499426,0.104619802219286,25.0323797459463,1.0,50,0.097
486,AC-30A,2023-03-25,45,-10.0,3:43:00,ASCENDING,0.007320133151153,0.0774019699849788,31.1529025140887,4.0,50,0.095
488,AC-30C,2023-03-25,60,-10.0,3:43:00,ASCENDING,0.006233143028631,0.067792701036255,30.7624431172058,4.0,75,0.092
489,AC-28A,2023-03-26,130,-8.0,8:14:00,DESCENDING,0.0162290258241319,0.100134114323659,34.2795295362681,8.0,150,0.162
490,AC-28C,2023-03-26,45,-8.0,8:14:00,DESCENDING,0.0166759640017623,0.141057461030664,34.6982007220778,8.0,50,0.118
491,AC-28B,2023-03-26,20,-8.0,8:14:00,DESCENDING,0.0186815686406262,0.124620629080156,33.6198132096835,8.0,25,0.15
